user_id_str,full_text
1624518348,Se buruk buruknya bandara ternate lebih buruk pelayanan bandara Luwuk
318411580,Asik cair trims Pemda Luwuk. Yuk satu bulan sisanya bisa cair lagi gausa fafifu 
99831052,Mudik ke kota orang wkwk.. mudah mudah jadi mudik terakhir ke Luwuk.. next bisa mudik terus bareng org rumah
167487983,Manifesting bisa ke Luwuk Banggai suatu hari nanti. Bismillah yakin 
218445618,liat ig liat pantai di Banggai Laut tp nyebrang dr Luwuk pake kapal besar aja 4-6jam
1058980665788575744,Mo pulang luwuk malah ga punya duit anjay
613586343,ini capekk kayak tidak mo ilang¬≤ blum habis capek dari gorontalo so lanjut k luwuk di luwuk sana mari urus ini itu ya Allah maapkan selalu mengeluh ‚ÄçÔ∏è
931694269,mukaku tahun 2011 masih luwuk bopung abis. bisa-bisanya tahun segitu IU Suzy sama Eunbin udah bening banget ga keliatan jametnya sama sekali 
318411580,PAK JOKOWI KE LUWUK TUH KAYA .. KNP GA PAS GW ISHIP SIH? 
591388806,Sailing from luwuk sulteng to weda halmahera
2936674712,Here we go again luwuk dgn gempa nya
1295245376954306560,selama ngeba penasaran bgt ada gsi tmn ba yg dri luwuk banggai jg? #zonauang
1727495548780134401,Mimpiin org yg ga pengen diinget. Mana samperin sampe ke luwuk lagi
1153245521974190081,Luwuk beserta uap lautnya
1058980665788575744,Liat di tiktok ada yg dibangunin sahur sama anak-anak kompleksnya aku jadi kangen puasa di Luwuk yg tiap sahur dibangunin gt jugakkk sama anak-anak kompleksku. Yg awalnya nyebut aku doang hari hari berikutnya udah bawa mama papaku juga 
193969272,Nu sok beja bandung mah hidupnya pelan dsb berarti can pernah nyobaan Luwuk Balige Klaten Purwokerto Wonosobo Tarutung dsb
1727495548780134401,Jalan ke banggai luwuk seru ga sih? Wkwkkw
1037296364722388992,Hallo sobat BaLuk terima kasih atas partisipasi yang diberikan dalam mendukung Balai Pemasyarakatan Kelas II Luwuk Jajaran Kementerian Hukum dan HAM Sulawesi Tengah guna memberikan pelayanan yang terbaik bagi masyarakat.
1018553590221189120,Harga harga di pasar tradisional di Luwuk Banggai hampir semua naik di antaranya beras sayur tomat gula pasir.
1621936047067373569,setiap perpindahan kota pasti satu masalah utama tuh breakout di muka ada aja. skrg tbtb kering bgt muka mo nangis hiks pdhl air luwuk dingin seger tp itu hawa nya panas bgt balik lg cocok2an emgÔ∏è
2335094394,Jauh2 ke luwuk ketemunye @yogabujang
2362577604,provinsi sulawesi tengah jga sih tapi ya saya memilih luwuk karna ya saya memang belum pernah kesini dan saya sangat penasaran dengan kota ini yang menawarkan berbagai macam keindahan alam dan saya akan mengexplorenya
2362577604,Memutuskan untuk memulai mimpi yang mungkin banyak orang mengatakan itu mimpi yg biasa saja tapi menurut saya itu besar yaitu keliling pulai sulwesi yaa walaupun tdk semua tempat pastinya perjalan dimulai dari morowali sulawesi tengah menuju luwuk banggai yang masih sama2 di
2362577604,3 hari di luwuk banggai nama panggilan su menjadi daeng
1126905431916343297,Luwuk banggai terima kasih atas segala keindahan dan kebaikan yang sudah diberikan. Suatu hal yang tak akan terlupakan.
855621674,Purwokerto - Bekasi - Luwuk... ekspedisi 45 hari..
593578976,Wishlist: bisa ke Luwuk Banggai lagi tapi liburan bukan kerja :)
1126905431916343297,Selesai sudah singgah makasar lanut luwuk jalur laut
1315054649846624257,Jakarta - Madiun - Trenggalek - Madiun - Jakarta - Makassar - Luwuk.. dalam 2 hari 
147876846,Next luwuk letsss goooooo~~~~
1018553590221189120,Tolong dong mas @prastow ingatkan layanan KPP Pratama Luwuk. Pegawai resepsionis wajahnya kecut minta ampun saat melayani orang mau urus NPWP pas tanya ke resepsionis dijawab sekenanya.
231309444,saya ke medan bisa merasakan kereta bandara ke bitung bisa lewat tol dari manado ke samarinda sudah ada jalur jembatan baru ke jayapura sudah melewati jembatan baru ke luwuk sudah menjadi kota maju masih heran banyak orang terhasut hanya dari omongan anis seolah negara ini rusak
1002601285,Yeayyy besok pulang Luwuk 
117678778,Selayar kayaknya asik ya? atau Tanjung Puting? atau Luwuk Banggai? atau Toraja? atau Sumba? atau Waerebo? ah banyak kali wishlist ini
318411580,Ni mau ngeprint aja degdegan stgh mati karena print harus di kertas yang udah dicap basah RSUD Luwuk:) sampe salah ga ngerti lagi Banggai jauh bos. Untung kelar besok tinggal ke Dinkes 
318411580,Terimakasih Luwuk 
318411580,Ga nyangka bisa tahan setahun untuk ga pulang dari Luwuk mengabdi di sini sampe akhirnya Hari Kamis besok balik ke keluarga masing-masing. What a year.
223750812,Kalau ada kesempatan beli hp baru mau beli hp yg kameranya canggih sehingga bisa capture galaxy dari langit malam di luwuk
548968540,sebenernya di luwuk ini banyak bgt yg bisa diexplore tapi sygnya w brgkt udh dalam kondisi capee jd mau muter2 sendiri jg udh gada tenaga huee tp syg bgtt ini udh jauh2
570645290,Jogja -&gt;jakarta-&gt;palu-&gt;luwuk Oh Tuhan tepaaaarrrrrrrr
207047571,kenapa tiket pesawat ke Jeju lebih murah dari pada ke Luwuk 
76216670,Pengen deh ke Luwuk lagi
1009502826538532864,nyari promo tiket pesawat dimana deh luwuk - makassar mahal bgt yaAllah
538157358,Luwuk isinya napa banyak bule gini sama orang jepang oiya banyak LNG nya maklum 
318411580,Luwuk after rain 
2275772358,Bagaimana dengan luwuk 
315493001,masih teringat 25 tahun yang lalu di luwuk tinggal di rumah oma opa di jalan pelita .
2185977434,udah kangen luwuk aja
1284061445148209154, tanya dong biaya kirim paxel dari Palembang ke Luwuk Sulawesi Selatan itu kira-kira berapa ya?
533918606,pen buat thread tentang stase forensik luwuk tp masi blom dpt waktunyaaaaa.... nnti ae dah klo udah lg free bgttttt
799424130701344768,Ternyata msh banyak air terjun sekitaran luwuk yg blm aku datangi P inpo partner gaaaas
1457026249734295563,Luwuk stay pijat pasutri
1130577415044882432,Liat agenda bulan ini sd Februari jejer2 travellingnya. Singapura Semarang Probolinggo Jogja terus terakhir ke Luwuk. Holah mendem tenan kalau gak dopping vitamin ini 
128556683,Kok bisa @BatikAirID lagi-lagi overbook rute Luwuk- Makassar
717478404,Seneng banget di luwuk udah ada bebek goreng mirip h. slamet wkwk 
585665750,Ternyata Pak Menkes habis kunjungan ke Palu. Mbok mampir sisan pak ke Luwuk Banggai. Biar liat sarana kesehatan di sini juga. Daerah luas kayak Banggai gini *cuma* ada dua RS Pemerintah. 1 RS tipe B dan 1 RS Pratama mendapat beban rujukan dari 27 Puskesmas 
156313998,Bangsaaatt . jaringan di #luwuk hancuurrr parah
533918606,terimakasih luwuk :)
156313998,Judul nya doank ini #luwuk kota berair tpi sering mati air PAM euy bangsaat lah udah 2 hari gak mandi bau badan dan gerah nya sungguh luar biasa
1163481884350803968,LASTT DAY!! dadahh luwuk pankapann lagii (boong udh rncana balik kalo ada libur doain ga kepotong penelitian)
1243301761873367040,Info raja Ampat apa Luwuk Banggai?
318411580,Bangun tidur dg gempa + timingnya pas keluar breaking news Gempa Jepang dari CNN. Kirain emg widespread sampe Luwuk ternyata emang 2 titik pusat yang berbeda. All is well 
1353611834,Luwuk pe panas le s krg sama deng gtlo 
1317048497632243712,Taun kemarin sibuk ngurusin proyek di palu taun ini ditinggal ngurusin di luwuk 
1317048497632243712,Badan pegel boyok sakit buat jongkok kang pijetku lagi di luwuk mingdep mau balik darjo pula
86005529,ya Allah manifesting bisa ke Luwuk tahun depan aamiin
1163481884350803968,hi pipel! hri ini luwuk masih sepanas itu bahkan angin dikit aja gaada tapi gue ga rela balik bandung huhuw
1271694834638532609,luwuk panas
1163481884350803968,luwuk panas bgt kayak ada 7 mataharinya cuy
164959055,persamaan ketika aku di kantor luwuk dan poso: 1. ga ikut acara penyambutan di luwuk karena ketinggalan pesawat di poso karena covid 2. ga ikut acara perpisahan di luwuk karena covid di poso karena kantornya membelah diri 
1285774651885449216,knp in org luwuk tlalo sibuk dan trg p urusan e bnyak sp mslh in klo suka mo b urus supa sa kse stngah supa berkurang sp beban
1550674939061370880,terbangun kukira aku lagi di Luwuk Banggai liburan
318411580,Luwuk dingin bet dah akhir-akhir ini
2677275866,Padahal rencana paling awal tahun ini yang pengen banget tu Maratua atau Alor. Tapi gaada jadwal yg pas sama libur cutber. Malah Luwuk yang duluan wkwk Dan dengan cuti 5 hari dah bisa explore banyak bgt kayanyaaaaa
2677275866,Baru sadar kalo cuti 12 hari itu dikit kali. So my plan to explore Gorontalo-Bolsel-Luwuk is safe for May. Pake cuti 5 hari. Dan cuti taun baru ini aku pake 4. Damn sisanya untuk cuti natal lagi wkakwkwk
2677275866,Just booked a dive trip ke Luwuk wkakwkakkww now I have sth to look forward to 
1455164496796786689,Halo @pln_123 @infoPLN Mohon di cek tegangan listrik tdk normal di hotel kota luwuk Jl. Kol. Sugiono no 2. Luwuk kab banggai sulteng 082374124555. Segera Karna listri drop merusak alat Elektronik
318411580,Semua tugas selesai Ô∏è tinggal menikmati sisa akhir internship di Luwuk Ô∏è
365298667,udah brpa taun ga pernah natalan di luwuk :)
1643319262084464640,Luwuk ini lagi ada apaan sih rame banget orderan connectivity ke sana 
42556892,Buset dah mbak pramugari batik air flight luwuk-makassar gw siang ini cantik2 amat gw kalo terbang ke sulawesi apalagi manado entah dari jkt or mana aja batik tuh beningnya pramugrarinya ga ketolong. Mana pake kebaya pulak. Ku aja cewek seneng bener liatnya
1455164496796786689,Halo @pln_123 @infoPLN Mohon di periksa tegangan di hotel kota luwuk. Jl. S Parman no 2 luwuk banggai. Sulteng sudah beberapa hari tegangan drop di bawah 200. Mohon segera di periksa
1101143195235180544,Ujan sore-sore kon playlist ambon manise dp vibes kayak sementara di oto perjalanan luwuk-palu.
547125634,apakah ada orang luwuk disini?
218445618, mau ke banggai luwuk ah kapalnya 6-8 jam gjd mav
32267456,Luwuk besok grup joiner bareng bosun udah pada pulang. Setelah itu gua resmi jadi orang paling lama dikapal. Terancam disalip juga sama orang2 lain
95820082,cuman di LUWUK gak ada macet.. kesono kemari deket.. ngaretnya bisa jam¬≤an #kebiasaan #jangan #dibiasain #tanya_kifatkay
1725571491029463040,Luwuk
1018553590221189120,Satlantas @DivHumas_Polri di Luwuk Banggai ini tidak ada mata dan telinga. Badan jalan dipake parkir tidak ditertibkan. Padahal dua nyawa melayang bbrapa minggu lalu.
1156593614,Jalur di luwuk kase gila mmng kt 
48954353,Baru tahu dari Kak Ama kalau tradisi di Luwuk sama seperti di Ternate ndak bisa masak dan makan yang pahit-pahit di hari Jumat.
156313998,Pelayanan toko dan pelayanan publik di kota #banggai #luwuk ini mayoritas sungguh buruk Ntah itu krna culture ntah itu krna mindset mreka 
1687035904924561409,! Saya senang mengumumkan bahwa KHIT Gorontalo dan KHIT Palu sedang bekerja sama dengan Dinas Peternakan dan Kesehatan Hewan Luwuk Kabupaten Banggai untuk memastikan pemenuhan persyaratan lalulintas hewan dan produk turunannya dari
1685939381683757058, ada kabar baik nih! KHIT Gorontalo dan KHIT Palu sedang berkoordinasi dengan Dinas Peternakan dan Kesehatan Hewan Luwuk untuk memastikan persyaratan lalulintas hewan dan produk turunannya terpenuhi. Jadi jangan khawatir lagi
1686917413034659840,Wah ternyata KHIT Gorontalo dan KHIT Palu sangat rajin ya berkoordinasi dengan Dinas Peternakan dan Kesehatan Hewan Luwuk. Pasti karena mereka suka banget sama lalulintas hewan dan produk turunannya. Keren deh!
1686605621125361664, ada kabar menarik nih! KHIT Gorontalo dan KHIT Palu sedang bekerja sama dengan Dinas Peternakan dan Kesehatan Hewan Luwuk Kabupaten Banggai. Mereka sedang berkoordinasi untuk memastikan persyaratan lalulintas hewan dan produk turunannya
1684891790401585152,Saya ingin berbagi informasi bahwa KHIT Gorontalo dan KHIT Palu sedang bekerja sama dengan Dinas Peternakan dan Kesehatan Hewan Luwuk Kabupaten Banggai untuk memastikan pemenuhan persyaratan terhadap lalulintas hewan dan produk turunannya dari
1684419352664350721, Selamat pagi teman-teman! Hari ini aku ingin berbagi informasi penting nih. KHIT Gorontalo dan KHIT Palu sedang bekerja sama dengan Dinas Peternakan dan Kesehatan Hewan Luwuk Kabupaten Banggai untuk memastikan
2459483186,Waktu sy capek sekali kerja dan mau resign di bulan Juni ada ka Novy sama ka Afni yg kasih2 kuat. Baru skrg dorang 2 so pigi k Luwuk 
1587132134330073089,Susun itinerary trip Luwuk Banggai dan Banggai Kepulauan. Bismillah.
1261515631729360897,Kasian ini org org luwuk mo cari muka sampe sampe mo bawa israel dn palestina plis kalo mo cari muka sma izrail saja
1156593614,1 minggu sja kt ini di rs luwuk dri oto kamar oto kamar fixx pica bodi 40kg satu kali deng betis pica ‚Äç
445534267,Jadi ada sebuah kabupaten di Maluku Utara namanya Kab. Kepulauan Taliabu kalau ingin ke sana via jalur udara harus transit ke luar provinsi dulu dari Ternate ke Makssar lanjut ke Luwuk. Dari Luwuk jalur laut buat ke Kota Bobong di Taliabu
1635088418303803392,oke juga nih Luwuk
1058980665788575744,Kgn temen temen di luwuk tp ga pengen ke luwuk hehe
108551466,Aku tak ngangkat sepatu vans ku sing wis luwuk wae. Nek ra trimo yo tak ngantemi awakku dewe
1047685137649917952,didampingi Kasi Binapigiatja dan Kasubsi Kegiatan Kerja lakukan kunjungan ke Kodim 1308 Luwuk. Kalapas Luwuk bertemu dan berbincang langsung dengan Letnan Kolonel Infantri Hermanto selaku Komandan Kodim 1308 Luwuk. Kunjungan Kerja ini sebagai langkah
1637827183,ada yang mau ke luwuk ?
593578976,Kaya masih pengen ke Luwuk Banggai 
156313998,Luwuk banggai i m coming Bismillah 
309479273,Udah sampe luwuk aja gila keren ya tempatnya
1709609278687027200,Nonton konser musik di lapangan gelora Luwuk tapi so dingin ini Onyop
2348599620,Mau sepagi apapun kalo lewat sby ke luwuk kayanya hectic dan maraton terusss...
1037296364722388992,DJKI Kemenkumham Canangkan 2024 sebagai Tahun Indikasi Geografis.
235144379,Akhirnya aku kembali. Aneh air laut sudah tak begitu membuatku sangat bergembira. Ada sesuatu yang mengganjal. Namun suara desir ombak ini masih sangat menenangkan hati &amp; pikiranku dan aku tersenyum saat melihat bulan &amp; bintang bercahaya terang di atas sana #luwuk #banggai
279909142,Orang luwuk bilang talalo mapuis wkwkwk
1037296364722388992, DJKI Sukses Tingkatkan Permohonan Merek Kolektif 
585665750,Baru pertama ini beli kertas hvs 1 rim di Luwuk culture shock hargane 80K Baru kali ini aku mengeluh soal harga di sini 
406342874,Disini ada yg tinggal di luwuk sulawesi ga? Disana emang langganan mati lampu kah??
1037296364722388992, AALCO Miliki Pengaruh Besar Untuk Perjuangkan Suara Asia Afrika di Tingkat Global 
593578976,Ni di Luwuk garis pantainya kan emang pasir putih semua. Jadi di belakang rumah orang juga bisa mandi-mandi. Kalau kita di Makassar mah harus ke Bira dulu 
593578976,Luwuk Banggai vibesnya kaya Bau-bau banget. Kotanya banyak tanjakan turunan bukit. Dan tentu saja dekat laut. Sayangnya di sini gk ada ka
1197961028421599234,dah ah capek mellow bgt hr ini mari kita tutup dgn video ultah anak kecil dirayain semua karyawan pizza hut luwuk biar makin mellow byeee 
128556683,Barisan nak rantau Luwuk yg pada patah hati semua saling nasehatin padahal tulul semua
128556683,Mayanlah 4 jam ampana luwuk record baru aku 
192492511,Setelah d dieng support job kemarin banyak support support job yang ga gua tulis salah satunya satu bulan d toili luwuk sulsel.. sama support job cemting juga kita nyemen sumur minyak..
1278007136,Luwuk banggai toba caldera gorontalo snorkeling kei island is really in my list
1709609278687027200,Luwuk hari ini pe panas mujur banyak awan Onyop
318411580,Udah di tahap tangan belang o/k panasnya Luwuk
318411580,Woey Luwuk panasnya naudzubillahmindzalik
338908113,Surabaya-Luwuk Banggai seru sih
1037296364722388992, Indonesia Dorong Negara Asia Afrika Menjadi Mitra Dialog Global 
593578976,Accept aja kali yah ke Luwuk Banggainya? 
1058980665788575744,Setelah berusaha cuekin cowok yg kemaren sempet aku suka banget (padahal skrg dia yg selalu nyariin aku) semalem dia muncul di mimpiku. Trs mimpinya gemessss bgt karna dia ikut aku balik ke Luwuk ketemu keluargaku trs dia sayang bgt ke aku. Sayang ya cuma mimpi :)
1206117213423325186,Kuat ga yah gue sebulan di luwuk 
1681919192059219969,kenikmatan bagi para pecinta brownies. Mantap nih Dosen Unismuh Luwuk Banggai! 
1685851262619959296,kenikmatan bagi para penikmatnya. Selain itu penggunaan bahan baku lokal juga dapat mendukung keberlanjutan lingkungan dan perekonomian lokal. Bravo untuk inovasi kreatif dari Dosen Unismuh Luwuk Banggai ini! 
1206117213423325186,Manager yang di sby minta gue stay disby sebulan manager yang diluwuk juga minta gue ke luwuk belah aja gue ygy 
128556683,Di Luwuk belom ada pastel Eh aku bangun tidur starving Croissant 
899025440,Rindu makanan luwuk 
318411580,Sunsetnya Luwuk akhir-akhir cantik sekali 
318411580,Dateng lagi pasien perut gede sklera ikterik HbsAg+ dan riw alkohol. Prevalensi SH di Luwuk memang bukan main 
1037296364722388992,Bimbingan teknis dan praktek SPBE terkait Aplikasi Srikandi
263217837,Jakarta-Luwuk Banggai seru sih
1261515631729360897,Pegang pegang boleh cium cium boleh fak ternyata itu lagu dri luwuk HAHAHA
40653395,gila sih di luwuk hobi gua tersalurkan semua gonna enjoy the rest of my iship life like this!
318411580,Ngeprint di Luwuk ini mehong bener
1058980665788575744,Bisa-bisanya ada orang yg beneran follow orang-orang yg aku follow yg bahkan aku bisa jamin dia ga kenal karna ni cewek orang Luwuk &amp; yg dia ikutan follow sampe ke temen-temen kampus kakakku - bahkan yg match sama aku di dating apps pun difollow??? 
353985663,Bukit telletubies ini ada di mana-mana ya di Indonesia Di Bromo ada di Labuan Bajo di Jayapura di Luwuk di Pasaman di Lombok Timur. All become photo spot/tourist spot.
1206117213423325186,Sepanas2nya luwuk gapernah keringetan samsek pas pulang kampung ke jkt malah keringetan lg ygy
19175939,kelar dr luwuk banggai rencana ke makassar.. rekomendasiin kuliner &amp; tempat wisata dong..
1698690568459878400,Otw Luwuk.....Sertai aku Tuhan #luwukbanggai #sulawesitengah #simpangraya #gonohop
181203543,Yang orang Luwuk Banggai silahkan komen
181203543,Kata yang sering dipakai sebagai bahasa pergaulan di Luwuk Banggai : - Kau = Ngana/Nga - Pergi = Pigi/Pi - Tidak = Te - Bohong = Lekos - Saya = Sa - Mereka = Dorang - Dengan = Deng - Siapa = Sapa - Punya = Pe - Sial = Soe - Intip = Lidi Lanjut
61746026,Tour Sulut (Kotamobagu-Bitung-Manado) selesai sisa Tour Sulteng (Luwuk-Ampana-Poso-Palu) dan langsung lanjut balik Jakarta. capek nya gue bikin orglain sakit hati 
1274745313144631297,Ketika baru tinggal di sini: Oh Bapak dari Sulsel? Dari Makassar dong? (Padahal Sulsel itu LUAAAS gak cuman makassar doang) Hampir dua tahun di sini: Bapak dari mana? Luwu? Oh Luwuk? Pake K atau tdk pake K Pak? Skrg udah paham geografis &amp; demografis di Sulawesi :D
89649751,Kibong ngirim vn konser ran di Medan aku yg nyanyi sing a long di kamar kosan Luwuk wkwkw 
838298309294903296,3 jenis kopi khas indo kopi luwuk kopi toraja kopi lampung. I have one of those the original one if u want to try kopi tumbuk khas lampung come to my house
559564971,STNK mobil sama motor kebawa sampe ke Luwuk jd dr hari senin sampe td yg bawa motor sama mobil gak bawa STNK untung gak ada razia 
147498779,yak ditinggal dinas 2 minggu suramadu dan luwuk sulawesi
1064795290249551873,jarak manado-luwuk bisa ga si di percepat jdi 30 menit ajaaa ? 
164959055,LUWUK NYAMAN BANGET BGST
128556683,Ini Luwuk dah 2 bulan gloomy banget cuaca.. tiap tidur dah g pernah pake AC lagi saking dinginnya
1206117213423325186,Pas diblg tgl 11 gajadi balik ke luwuk rasanya semangat yea 2 minggu disini
98336695,Teman2 saya sedang di Luwuk Banggai mupeng jadinya
318411580,Selama jaga di IGD RSU Luwuk menyenangkan sih aamiin moga menyenangkannya terus-terusan sebangsal bangsalnya juga (karena baru minggu ke-3 stase perawatan) 
1018553590221189120,Dishub sama Satlantas di Luwuk ini rajin betul amankan lalulintas klo acara seremonial tapi mobil parkir serampanhan di badan jalan dicueki
1272449987637415938,Soal palu collab dgn soal luwuk sesak dadaku ba liat reels nya drg 2 ini. Ah 
1047685137649917952,di GOR Kilongan Luwuk Kab. Banggai. Di fase grup Tim Futsal Lapas Luwuk menang tipis 2 : 1 atas Bandara FC usai gol dari Lionel dan Ai Fadly. Lanjut ke babak 8 besar Tim futsal Lapas Luwuk Fc menang telak 5 : 1 atas Tim STPDN oleh 4 gol dari Kevin dan 1 gol dari Lionel sehingga
1166351114217971714,Padahal rencananya hari ini mau ke pantai yg di Luwuk tp dari pagi udah ujan aja 
318411580,Dimana bisa nemuin teh tarik di Luwuk ini ya
74951682,Loak luwak luwuk ...
19175939,ada open trip ke luwuk banggai ga sih?
1227421320,Please yang doanya manjur doain di Luwuk hujan please guys kalo beneran ujan gua bayar 50 ribu
969412328318844928,Jap skrg ni rambang mata. Labuan bajo nak pergi luwuk sulawesi pun nak jugak! moneyyy come to mama haha
318411580,Bahkan gw selimutan tanpa AC ON yea what a day in Luwuk loh ya.
318411580,Luwuk ini dinginnya ya Allah
457181212,Inginku bangun gramedia di Luwuk 
1.4196E+18,bakal kangen luwuk:(
1615826677728415745,0851-7447-2748 (WA) Jasa Desain Rumah Luwuk#JasaDesainRumahLuwuk
1676798084318392320,0811-3753-55 (TERBAIK) Jual Kerupuk Melinjo Asli Jambu Luwuk#JualKerupukMelinjoAsliJambuLuwuk
1301680897,orang luwuk bilang SUAK ngana 
717478404,Tumben luwuk dingin banget jadi kangen pulang oii
1227421320,Anjing ni luwuk hujan mulu babii
1092721689077510144,luwuk-ampana-pasokan-dolong-marisa-gorontalo isi puru lagi tida baik baik saja
318411580,Dingin bgt Luwuk 24*C
279909142,kalo di Jawa ada kakean polah maka di Luwuk ada makan puji
318411580,Bring Solaria to Luwuk rn!
1069564285485899777,luwuk toxicity
1677892158421090304,Akun ini dibuat untuk publikasi kegiatan KKN Tematik 2023 di Desa Jambu Luwuk. -Kelompok 9 09 Juli 2023
1568094849144061952,Kesel banget gue dari jakarta ke jepang sama jakarta luwuk. bisa cuma beda 500 anjing goblog
1058980665788575744,Seandainya pada tau niat icul kelar urusan di Semarang mau balik ke Luwuk biar ada yg nemenin ngurusin mama papa disana hehe
318411580,Nangis banget emg ongkir ke Luwuk ini Rp83.000 00 kena potongan Rp78.000 00 ya lumayan lah ya
318411580,Dah akhirnya gue CO seadanya pake ongkir Rp0 - ke Luwuk daripada nunggu diskonan asu ini bikin badmood seharian 
216910707,tiket pesawat Luwuk - Gorontalo te maso akal depe harga
108471261,Rindu sekali sama Bali dan Luwuk Tuhannnnnnnnnnnn
1133767029784055808,besok arisan keluarga besar tapi aku malah berangkat ke luwuk : 
223414952,enak kali gangguin anak luwuk satu ini
571484051,Pagi ini: ji km bisa ga site visit tgl 18 ke luwuk alias sulteng LU KIRA AJA baru 4hr nginjek rumah
64378546,Tiba tiba di otak ada kata luwuk banggai terus searching ternyata nama daerah di Sulawesi Kenapa tiba tiba muncul kata itu di otak? penyebabnya apa ya? Nginget nginget sampe sekarang belum nemu jawabannya
957516834223284224,Kmrn pas doi udh di Luwuk bisa vc 3 hari berturut turut aja gua udh bersyukur soalnya jarang banget biasanya seminggu sekali meskipun lagi tidak sailing wkwkwkw eh sekarang udah ilang lagi
1643066415568793600,Jufus Hamka Vs Negara Tidak Taat Hukum @narasi @lambe @CNN Indonesia ayo viralkan #NegaraKokTidakTaatHukum
593578976,Di Luwuk itu yang ramainya di Luwuk? Banggai Kepulauan? Atau Banggai?
207344124,Pengin ikutan flexing tapi foto terjauh cuma di Luwuk Banggai.
318411580,Kalo ada nominasi warga dengan ngambil uang di ATM terlama Luwuk bisa jadi masuk nominasi sih.
1444956385658093574,Sahabat di Luwuk Makassar pernah bilang Sebaik-baiknya obat adalah membaca tulisan sendiri . Diingatkan juga sama spv demikian dan baru pagi ini sempat baca draft lagi. Another connected dots! Ô∏è
1479467377754460162,ulo luwuk
4853788294,loker spv hse luwuk gaji 10jt minat dm ygy cepet2 aja lesgoo !!
1226556466238128128,Alhamdulillah gajadi trip ke Luwuk Banggai Padahal loker udah dipenuhin cemilan...
1438059918481768449,Lapas Tolitoli terima Napi Pindahan dari Lapas Luwuk
1226556466238128128,Busett direncanakan bakal ada trip Gresik - Luwuk Banggai (-+935 miles)... Yg deket2 aja napa bngsaddd! 
40653395,PENGEN NONTON BARASUARA LIVE LAGI AJGGG MAIN KEK KE LUWUK
2489419374,Kenapa gk dari dulu minta pindah luwuk aja ya
188650843,Kalau acara kapurung-an gini mau di jkt bekasi palopo sampe luwuk kerjaan gua cuman bulet2in sama nyuci piring dah
1438059918481768449,LAPAS TOLITOLI TERIMA 55 WARBINPAS PINDAHAN DARI LAPAS LUWUK
1516140014530293762,muda mudi luwuk maennya pada kemanasi sepi amat
15580664,Kapanlah bisa ke Luwuk... air terjun Piala bagus banget
99831052,Menurut aku snorkeling di pink beach kurang oke jadi next kalo mau snorkling mending ke kenawa atau taka makassar sih kalo di pink beach itu yg dijual pemandangannya aja yg pasir pink bukan bawah lautnya.. soalnya sama luwuk aja masih jauh nih pink beach
1254118686,Ngelewatin jalur lintas luwuk tanpa mabuk darat itu agak mustahil sepertinya
1037296364722388992,Prioritaskan Layanan Publik Berbasis HAM Kanwil Kemenkumham Sulteng Gelar Rapat Evaluasi dan Pelatihan Bahasa Isyarat pada Jajarannya
1037296364722388992, FMD KANWIL KEMENKUMHAM SULTENG 
40653395,BANGGA SAMA KOTAK! dijalan naik turun luwuk dia masih dpt 1:14 6 HAHAHAHA yezzz welkam to pengiritan lyfe~
128556683,Senin : luwuk - Ampana 5 jam Selasa : Ampana - Poso 4 jam Rabu : Poso - Tentena 1.5 jam Kamis : trip tentena Jumat : Tentena - Ampana 5 jam Sabtu : ampana - Togean 2 jam Minggu : togean - Ampana 2 jam Senin : Ampana - Luwuk 5 jam Baru selasa dah pegel cuy
496668394,luwuk keren parah 
58406644,Semenjak adek gue lulus tahun 2016 belom pernah 1x pun gue nganter dia ke bandara buat sign on. Pengeen banget tp gue kerja di Sulawesi. Dan besok adek gue sign on di Luwuk. Transit makassar dari jakarta!!! Hehehehehehehe
318411580,Bukan Luwuk namanya kalo ga mati lampu zz
85067824,Sombori - Labengki Luwuk - Banggai. Semoga ada rezeki main kesana 
318411580,Tiara Andini pls ke Luwuk Sulteng dong Slank aja bisa kok yuk!! @initiaraandini
40653395,ya Allah ini toima cuma di survey doang tp ya kok panasnya lebihin luwuk ya di biak aja boleh kan:))
488199197,38 jam manado-palu-luwuk
40653395,PERNAH GAK SIH LO KEPANASAN BANGET SAMPE CELANA LO ANYEP? LUWUK PANAS BGT ANJJJJ
1530126137221070848,Baru juga 60 harinya om yg satu eh tua mso RS Luwuk juga. Pulang palu krna soaso kuliah eh tua juga di rujuk kpalu blum satu Minggu di palu pulang lgi krna tua so tda ada 
1530126137221070848,harap harap pulang luwuk sehat samua. Trang syang tua tapi tuhan Lebe sayang
1037296364722388992,GELAR OPINI KEBIJAKAN KANWIL KEMENKUMHAM SULTENG INFORMASIKAN IMPLEMENTASI PERLINDUNGAN DATA PRIBADI LAYANAN KEIMIGRASIAN
58406644,Makassar - Jakarta Jakarta - Makassar Senin : Makassar - Balikpapan Selasa : Balikpapan - Makassar Rabu : Makassar - Bali Minggu : Bali - Makassar Selasa : Makassar - Luwuk Kamis : Luwuk - Makassar Jumat : Makassar - Jakarta Minggu : Jakarta - Makassar
1037296364722388992,SHDP KANWIL KEMENKUMHAM SULTENG GELAR DHARMA SANTI RAYAKAN HARI RAYA NYEPI TAHUN BARU CAKKA 1945
58406644,Baru bisa napas setelah kelar acara luwuk ga sih ?
549305947,lagi libur malah kantor kelabakan karena mcu di luwuk ditolak asdfshsjsjsk
570645290,Saking sibuknya klo di Luwuk lama lama hayati minum antimo nih sambil ngekurir
1070086249786990592,unpopular opinion. kopi di luwuk ga ada yang enak 
40653395,ini panasnya luwuk emang beda ya abis mandi aja lsg keringetan lg buset
40653395,luwuk suhu 38 rasa 42 anjer matahari kek diatas pala
318411580,Udah di Luwuk lagi 
1165326903718240256,Kalo di luwuk so ba burasa x kua bugis ini di tutup dengan sebatang camel
854141656433659904,blood luwuk of larceny
1183774788650590209,Langit nya luwuk memang paling gaga di dunia
267080157,Jadwal Libur selanjutnya Luwuk-Jakarta-Jogja-Madiun-Jogja-Jakarta-Balikpapan-Luwuk Semoga gak drop aja nih badan 2 minggu gas poll 
1256610708021628928, ayo ikut om ke kendari kerja. ayo ikut om ke jkt kerja. ayo ikut om ke luwuk kerja. semua beda org ngajaknya jauh2 dan masih memilih bertahan dgn gaji yg pas2an ini
1037296364722388992, Menuju Paradigma Baru Pemidanaan Indonesia Halo Sahabat Pemasyarakatan Disahkannya Undang-Undang Nomor 22 Tahun 2022 tentang Pemasyarakatan menjadi penyempurna transformasi Pemasyarakatan Indonesia.
40653395,Luwuk dari pagi ini rasa neraka bocor panas banget udah pake kacamata item juga gak ngaruh tetep silau
1523924121981136896,Area luwuk adakah pasutri
1162262436,Setelah beberapa tahun selalu bersama puasa tahun ini diawali dengan cerita LDR.. Tugas pindah ke Poso anak istri pulang ke luwuk. Dan pada akhirnya Akan ada hikmah dari setiap perjalanan baru. Seperti kami yang lagi mendalami apa itu rindu.
1416960222749286401,#Volcanic #Earthquake #Alert #Indonesia M5.2 EQ Strikes 80 km NW of Luwuk Indonesia Location: 0.493¬∞S 122.231¬∞E Depth: 10.0 km Time: 2023-04-06 09:32:02 (UTC+09:00)
591793018,Kelebihannya kota Luwuk : MATI LAMPU
40653395,salah satu yg disyukuri krn kerja: gua jadi kurusan tadi dikasih liat ojan foto hari pertama di luwuk sangat terlihat kalo skrg gua punya leher
318411580,Suka deh cuaca Luwuk hari ini
1292393742431694848,Edukasi Permenkumham No 06 berjalan dengan baik dan penuh pemahaman warga binaan pindahan Lapas Parigi dan Lapas Luwuk serta dilaksanakan dengan motto kerja Lapas Ampana Cepat Tepat Tuntas (CTT) untuk Lapas Ampana yang lebih baik dan tertib. (Red/Humas-Laspana)
1165326903718240256,Yaa Ampunnn mo plg luwuk Tiket mahal sekali Mo plg luwuk sja Macam mo pi ke jepang Makanya skrg bingung mo ketemu keluarga atau ketemu naruto
1037296364722388992, Sosialisasi Pungli dan Gratifikasi 
124978663,Smlm sok-sok an ga makan nasi samsek. Krn mikirnya dah makan goreng¬≤an jd dah kenyang bgt ditambah minum cold brew yg dah gw diemin 3hari *enak sih asli tp*. Udh gt tidur jg baru 1 jam pas sahur mkn sambel kecap yg cabenya dr luwuk. Dah lah langsung keringet dingin sama mual
19175939,ada yg pernah ke luwuk banggai ga? sepertinya menarik..
141827647,Ya Robb... Ampunkanlah segala kekhilafan Ringankan segala langkah Mudahkan segala ikhtiar Amiin Menuju luwuk banggai lanjut palu
834745801809108992,udah hampir 3 tahun gak pulang luwuk. panggilan pulang semakin kesini semakin kenceng. lebaran kali ini pulang aja kali ya sekalian solo touring?
1058980665788575744,Jadi kangen Luwuk deh yg tiap sahur pasti bangun karna anak cowok pada nyanyi-nyanyi icul ayo bangun sahur depan rumah tiap malem 
1037296364722388992,Halo Sahabat BaLuk dalam rangka memasuki bulan suci Ramadhan 1444H/2023M dan berdasarkan Surat Edaran Menteri Pendayagunaan Aparatur Negara dan Reformasi Birokrasi (Menteri PANRB) Nomor 06 Tahun 2023
488087911,Ramadhan kesekia di kota orang dan kali ini kota baru. Luwuk ~ Sulawesi Tengah
1613556211852668930,PRESIDEN PUJI SENTRA PENGGILINGAN PADI MODERN MILIK BULOG Sragen 11 Maret 2023 Dalam rangka mendukung program prioritas nasional yang merujuk pada peningkatan kedaulatan pangan nasional #MRMPBULOG #BerasBULOG #BULOG #Jokowi #BersamaWujudkanKedaulatanPangan
1037338860521500672,agak heran:( kenapa diriku selalu terjebak dengan cowo luar Jawa terlebih sulawesi‚ÄçÔ∏è luwuk udah 2 kali ini tambah makassar boy:(((((((
164959055,asik banget liat luwuk yg punya cafe baru padahal udah ada kantinnya. di poso adanya tiap ganti hari yg ada masalah baru dari orgil2 ini 
164959055,Waktu di luwuk: misuh2 karena kasi sendiri Waktu di poso: misuh2 karena kasi seksi lain mana ga cuma satu biji
264760780,98 plis kui kok e nganti wes luwuk bgt
31324466,Min @BatikAirINA Batik ID 6295 dari Luwuk ke Makassar seharusnya boarding 11.45 tapi sampai 12.40 tidak ada kejelasan !!! dan tidak ada kompensasi !!!!
1037296364722388992,Unit Pelayanan Teknis (UPT) kantor Balai Pemasyarakatan Kelas II Luwuk Jajaran Kementerian Hukum dan HAM Sulawesi Tengah selalu mencoba memberikan pelayanan yang terbaik untuk masyarakat.
1037296364722388992, PENGUATAN TUSI ASN 
1037296364722388992, PELANTIKAN PNS 
1037296364722388992, PEMBUKAAN PEKAN OLAHRAGA PEMASYARAKATAN 
128556683,Pantai Kilo5 nya luwuk terbaik emang 
717931938359562240,Setiap tindakan selalu ada timbal balik Luwuk Banggai
85287499,Setelah Jumat malam 3 Maret lalu gempa M 4 9 di utara Banggai Sulteng pagi ini 8 Maret berpusat di Bolsel Sulut gempa M 5 1 terjadi pas adzan subuh getarannya terasa hingga di Luwuk Banggai. Prediksi Frank @hogrbe bikin kita lebih waspada.
40653395,AWAKWKAKKWKAKWKA MASUK KORAN JIR LUWUK POST DI FIRST PAGE LG
40653395,AKHIRNYA MENEMUKAN TEMPAT LIVE MUSIC PROPER DI LUWUK!!
1037296364722388992, PENGUATAN TUGAS DAN FUNGSI OLEH SEKJEND KEMENKUMHAM R.I 
1613556211852668930,BUMN merupakan Perusahaan yang seluruh atau sebagian besar modalnya dimiliki oleh Negara yang memiliki tujuan mulia untuk mewujudkan kesejahteraan masyarakat Indonesia. #BUMNuntukIndonesia #PembubaranBUMN #PPAdukungEkosistemBUMN
854141656433659904,rusty luwuk of hunting
1219496086898757632,Gue benerean ngeliat orang pake masker sekali pake tapi masih dipake berhari2 ampe coklat dan luwuk mana duckbill putih orlee lagi apa gak risih plus mukanya herawaten ya tu orang.
1044406809467904000,nunggu momen ketika diacara nikahkanku nanti MC nya manggil mohon kesediaan foto bersama untuk siswa-siswi SMP negeri 4 Luwuk trus siswa-siswiku maju dgn wajah senyum-senyam aamiin.
613586343,om dan tante baru dtg dari luwuk trus cerita eh tanya umur sy dan mereka tdk percaya umur sy sudah mau jalan 26:(
279504706,First time ke luwuk banggai ada yang lagi disini?
1037296364722388992, Rakernis Pemasyarakatan Kanwil Kemenkumham Sulteng 
1037296364722388992,Menyamakan persepsi JFT PK dan APK Bapas Luwuk mengikuti Penguatan tentang Fungsi Pembimbing Kemasyarakatan.
1037296364722388992,Mengedepankan kepetingan untuk anak PK Bapas Luwuk lakukan pendampingan sidang anak.
1613556211852668930,#SobatBUMN Ini dia komentar Menko Bidang Pembangunan Manusia dan Kebudayaan (PMK) Bp. Muhadjir Effendy terkait Kereta Trainer (hybrid) yang diproduksi PT INKA (Persero) untuk Politeknik Negeri Madiun (PNM) #KeretaTrainerHybridINKA #KeretaINKAPNM
96695159,sedang di kapal menuju Luwuk. Ada bapak2 ngajak ngobrol: : luwuk nya kemana? : oh saya menginap di swisbelinn pak : menginap disitu? Oh mahal lho itu. Lebih baik di losmen saya murah. Sudah ac tv kamar mandi dalam. Cuma 50rb saja. : oh iya pak terimakasih tawarannya...
1037296364722388992,Memaksimalkan Fungsi Pengawasan PK Bapas Luwuk lakukan Home Visit.
1037296364722388992,Mendapatkan kunjungan Monitoring dan Evaluasi (Monev) Bapas Luwuk siap bebenah.
1037296364722388992, Bimbingan Teknis Manajemen Risiko Kanwil Kemenkumham Sulawesi Tengah 
1037296364722388992, Bimbingan Teknis SPIP Kanwil Kemenkumham Sulawesi Tengah 
1624087061639880705,Kami pass luwuk sulteng. Yg sama fantasy DM jo
1261515631729360897,Bagemana kalo buat luwuk street fighter supa t abis abis dn baku lempar batu HAHAHA
1502289866863755265,0878-5693-4040 (PRODUSEN TERMURAH) Jual Kaos Polos Jambu Luwuk
318411580,Ingpo konser Tulus di Luwuk
1261515631729360897,Selera musik di luwuk ikot arusssss!! Sa termasuk sih HAHAHAHAHAHA lekos....
1037296364722388992,Pembimbing Kemasyarakatan (PK) Bapas Luwuk melaksanakan Kegiatan pendampingan sidang terhadap empat orang ABH.
318411580,Will I miss Luwuk like I miss Jogja as well? (Berangkat juga belom)
85287499,Kamar rasa bergoyang gempa kah? Luwuk 01.50
1058980665788575744,Pengen banget balik luwuk tp apa udah siap ada di luwuk lagi?
1037296364722388992,Menuju pelayanan publik yang lebih baik Bapas Kelas II Luwuk mendapatkan sosialisasi budaya pelayanan prima.
923378464471654400,Kenapa tipu sama org Luwuk bgst dah
882283219,sampai bertemu dibulan ramadhan Luwuk ~
1037296364722388992,Unit Pelayanan Teknis (UPT) kantor Bapas Kelas II Luwuk jajaran Kementerian Hukum dan HAM Sulawesi Tengah selalu mencoba memberikan pelayanan yang terbaik untuk masyarakat.
882283219,tahun ini bakal berpindah kemana lgi ? Luwuk plz :)
392027199,Hi @ChatGPTBot peluang bisnis paling besar di Luwuk Banggai apa?
1291736909681696775,Fuck Universitas Muhammadiyah Luwuk Banggai in Indonesia üáÆüá©
1058980665788575744,Mama : kase selesai dulu kuliah baru pulang lagi luwuk Also mama : nanti awal maret icul mau pulang luwuk nak? Ô∏èÔ∏èÔ∏èÔ∏è
2258261246,Kegiatan pemeriksaan dan pengawasan komoditi perikanan di terminal Cargo Bandara SAA Luwuk Banggai @bkipm_kkp @pamujilestari_bkipm @harimaryadi65 @afat_bki @putramedya @l3o_rama #KKPThrive #kkpgoid #MenteriKKP #SaktiWahyuTrenggono #Bkipm #LuwukBanggai
318411580,Udah bisa ganti bio instagram belom? Ô∏è Metro-Luwuk
71773584,Seneng lihat orang-orang pada stylist ... Terus ngaca habis itu nggak mau ke mana mana wkwkwk luwuk banget. Tapi alhamdulillah 
1037296364722388992, Penandatanganan Perjanjian Kerjasama Pemberitaan dengan Media Online 
1037296364722388992, Penandatanganan Perjanjian Pelaksanaan Bantuan Hukum TA 2023 
1037296364722388992, Pembukaan Rekonsiliasi dan Pemutakhiran Data Laporan Keuangan dan BMN Semester II TA 2022 
1037296364722388992,Penandatanganan Perjanjian Kinerja dan Pencanangan Pembangunan Zona Integritas menuju WBK/WBBM Tahun 2023 
1247890877533437958,Luwuk trip
1337894664,Update: Info Gempa Mag:6.3 18-Jan-23 07:34:46 WIB Lok:0.07 LS 123.28 BT (69 km Tenggara BONEBOLANGO-GORONTALO) Kedlmn:138 Km dirasakan di Luwuk dan Ampana III-IV MMI Kotamobagu Kab. Gorontalo Kota Gorontalo Pohuwato Bolaang Mongondow Timur Bolaang Mongondow Taliabu 
855755867043414018,hari terakhir di Luwuk malah kena gempa
1133767029784055808,tekan luwuk kok malah nanges
1133767029784055808,landing luwuk bingung mau seneng apa sedih
1113039954198724608,Keknya wishlist ku tahun ini mau jalan jalan ke luwuk!!!
1452837525702119427,astagaaa memang ngni luwuk in tekuat ba ajak pkt kl ba poto am e nakali ey awas ngoni a
1157413071930789888,Ternyata ada jaringan tri di luwuk hehe. Masih bisa dipakee tri ku alhamdulillah
88329223,Kebanyakan minum kopi luwuk nih jadi begitu mainnya.
128556683,Klo nongki pinggir laut luwuk yg di KM5 bawaannya pen nyemplung terus
1142102935,rumah jd sepi:) sepupu dua2nya uda plg ajah ke luwuk
1018553590221189120,Ada universitas di Luwuk pamer peringkat eee laboratorium biar satu pun tidak ada.
279909142,Libur lebaran pulang ke Luwuk pp 6jt ke Bali 2jt. Kita ke Bali aja? 
1317048497632243712,Suami mw ke banggai kepulauan dari kota luwuk butuh waktu 8jam lebih dg naik kapal kalau acaranya hari rabu sdgkan skg masih di makassar ya silahkan dipikir apakah masih nutut itu ke banggai hari rabu kecuali naik bouroq yg sekali kedip langsung sampai jadwal kapal jg kdg molor
1317048497632243712,Dear @BatikAirINA suami saya penerbangan dari palu tujuan luwuk transit makassar kenapa ditinggal sudah dua kali begini loh harusnya kalo rutenya gak cuan mending ditutup aja suami saya ada jadwal penting jd harus kepending semalem
110994291, mba kalau pindah ke Luwuk masih mau kan? pertanyaan dari bos acu barusan
3070127642,Kota Luwuk di Sulawesi Tengah bagus juga ya :)
81147944,Yang bener aja min masa penerbangan Hari ini Luwuk - UPG udah delay 2x @SriwijayaAir . Harusnya udh di Makassar saya sekarang 
1037296364722388992, Lomba Memasak Kanwil Kemenkumham Sulteng 
1037296364722388992, Refleksi Akhir Tahun 2022 Kanwil Kemenkumham Sulteng 
1037296364722388992, Upacara Bendera Peringatan Hari Ibu ke-94 Tahun 2022 
1018553590221189120,Parkir liar di Luwuk makin jadi jadi
1527200666518974464, Luwuk Festival
1037296364722388992,Luwuk - Dalam rangka memperingati hari ibu ke-94 tahun 2022 telah dilaksanakan upacara bendera di halaman kantor Balai Pemasyarakatan (Bapas) Kelas II Luwuk jajaran Kemenkumham Sulawesi Tengah (Kamis 22/12/2022).
1037296364722388992,Palu - Kegiatan Evaluasi Pelaksanaan Anggaran Tahun 2022 dan Persiapan Pelaksanaan Anggaran Tahun 2023 (Rabu 21/12/2022).
947408292,Kesuen ndk luwuk nganti kaget malang iso semacet dan sepanas iki
1317048497632243712,Pernah jg di palangkaraya tp seingetku alhamdulillah signal lancar di mamuju jg pernah agak pelosok tp kdg msh terjangkau signal dari kmrn ditinggal ke banggai kepulauan butuh 8jam lebih naik kapal dari luwuk alhamdulillah msh ad signal bener2 yaa yg pacarnya anak sipil siap2 
42159393,Bupati Luwuk. Uwuk.
1342466281476214785,2025 pokoknya harus udah sukses di Luwuk !!!
1037296364722388992, Kemenkumham Masuk 3 Terbaik Badan Publik Informatif Kategori Kementerian 
1037296364722388992, Peringatan Hari HAM Sedunia ke-74 
1037296364722388992, Penghargaan Kabupaten/Kota Peduli HAM dan Pelayanan Publik Berbasis HAM 
1064795290249551873,huaaaa banyak bgt makanan yg gue kangenin di luwuk 
1058980665788575744,Kalo acaranya di luwuk sih udah fix icul ada gandengan pas dateng..
611348986,Luar biasa baturube - luwuk 5 jam bawa motor
582776082,Eh kok ternyata logat luwuk sama logat palu beda ya
47085201,Karimun Jawa Kerja di Qatar/Sulawesi Bangkok Autumn di Jepang Banda Neira Ternate Luwuk Insyaallah bucket list diatas kecontreng semua ADA AAMIIN PEMIRSAAHHHH 2023 BERSINAR 
799424130701344768,W benci bgt kalo co cod tapi alamatnya salah harusnya ke luwuk malah jd ke batui nnti mak ku ngomel¬≤ kalo aku co trus 
62657871,2 Desember 2022
42365247,Wahhh Luwuk Banggai. Dulu mah terasa pemandangan bandaranya sangat indah saat mendarat serupa dengan Kowloon - bandara HK lama sebelum pindah. Pemandangan indah pulau2 mutiara laut biru. Selain warga Luwuk ada juga Jawa Sunda Bali Bugis dll. Bhineka tunggal ika.
751981962,Alhamdulillah sore ini bisa bersilturrahmi dg teman dari nagan raya dan sari luwuk banggai.
128556683,Baru sampe Luwuk subuh tadi eh tanggal 4 ke Surabaya 
1592476626402832385,Jika ad yg lbh indah dari senja mungkin it adalah saat kita bertemu di aamiin yg sama. Luwuk banggai 17:48
799424130701344768,Aku kalo di luwuk ngecas hp sehari 2 kali pas bangun subuh sama sore pas beberes giliran di batui ngecas sekali bisa dipake 2 hari kalo di luwuk tuh bener¬≤ kesepian jd larinya main hp trus
135149585,Capek bgt luwuk dikit2 mati lampu
128556683,Luwuk seafoodnya terbaik so far
971782142,rindu vibes pildun di luwuk e
903939198905749505,Di Luwuk banggai kan baru buka Pizza Hut kan ya .. Aaalllaaaah itu klw diliat org2 diluar Sulteng komen dn reviewnya Suaangat memalukaaan .. Why Luwuk banggai people ?? Why ??
53882648,Butuh pho banget yampun pho24 buka cabang di Luwuk kali.
783610044742930432,Ingfo tattoo artist di luwuk yg fana inih
1058980665788575744,Tiba tiba pengen pisang goreng tp pake sambel penyetan samping rumah di luwuk 
1037296364722388992, Peringatan Maulid Nabi Muhammad SAW Kanwil Kemenkumham Sulteng 
710192935,Di Sulteng kalo bicara dengan orang Poso-Ampana-Luwuk saya biasanya pake mode kita-ngana . Kalo dengan orang Palu-Donggala-Tolitoli-Morowali pake saya-kau . Umumnya se-Sulteng kalo dengan orang baru pakenya saya-kita' . Ya kita' yang berarti Anda .
1037296364722388992, Kemenkumham Siap Sambut KTT G20 
1672755433,Info gempa sekitaran Luwuk?
2998199287,Akhir tahun mau ke togean or luwuk 
139265003,Sampai jumpa di Luwuk 24 November 2022 Festival Sastra Banggai.
1635418716,SANGAD KOMPETITIF LUWUK MAKIN NGERI! HAHAHAHAHAHAHAHA
1384506909995065345,kaum sari tenggelam kawung luwuk banjir jambu 2 banjir aing balik kumaha gusti
1037296364722388992, Kanwil Kemenkumham Sulteng Borong 5 Penghargaan IKPA dengan Capaian 100% 
1037296364722388992, Nota Kesepahaman Kanwil Kemenkumham Sulteng dan KPU Sulteng 
1037296364722388992, Penilaian Visitasi Evaluasi Penyelenggaraan SPBE di Lingkungan Kanwil Kemenkumham Sulteng 
1342466281476214785,Alasan suka sama daerah Luwuk: - 40% Karena penduduknya belum padat. - 30% Karena bentuk geografinya mirip Mitsuha's village. - 20% Karena ada doi. - 10% Karena berpotensi buat Real Estate.
1190150092033933312,kinapa d fb bnyak skli org b bnuh2 in di luwuk iih yallah jauhkan
1117435362677121027,Pada Hari Kamis tanggal 06 Oktober 2022 Cabang Kejaksaan Negeri Banggai di Pagimana telah melaksanakan putusan pengadilan Negeri Luwuk yang telah berkekuatan hukum tetap terhadap terpidana An MH yang terbukti secara sah dan meyakinkan bersalah melakukan Persetubuhan terhadap anak
1212968354278854657,tuhkan w tbtb tgl 5 disuruh ke luwuk . tgl 12 nya ke merauke
1248854538313818112,Palu - Morowali Utara - Poso - Ampana - Luwuk Banggai.
1425366919,percuma pelem bagus kalo di luwuk te ada bioskop
1037296364722388992, DIALOG PUBLIK RKUHP KANWIL KEMENKUMHAM SULTENG 
1434803502799151109,normal day in luwuk
1018553590221189120,Layanan bank paling sampah di Luwuk ya @BANKBRI_ID ATM sering rusak antrean panjang paksa dengan cara akali nasabah agar gunakan BRIMO. Pernah juga uang orang 11 juta raib dari rekening @BANKBRI_ID @ojkindonesia di Sulteng juga nggak berfungsi awasi begini
79233021,imam arief bestie luwuk
525935236,Tiba tiba rindu suasana malam luwuk 
1018553590221189120,Gilaaak antrean di @BANKBRI_ID Luwuk. Hampir 30 menit tidak bergerak.
1037296364722388992, Kanwil Kemenkumham Sulteng Launching Aplikasi BOVIC 
1065620738206457857,lu bayangin deh mau beli gas aja kudu bawa ktp HAHAHAHAHA duit 50rb beli sayur aja ga cukup loh wkwk akhirnya aku paham dari headline berita inflasi kalau luwuk jadi nomer 1 mahal ya bun idup disini tapi gaji segitu gitu aja
1037296364722388992, Diskusi Panel Indonesia Netherlands Legal Update (INLU) 2022 
1161078862651912192,dia yang mau ke luwuk kok saia yang gugup:) mana udah beli tiket huhu
1342466281476214785,Di Jawa nyari rumah 200jt tapi bagus itu sulit..and that is why I'm in major love with luwuk 
1037296364722388992, Kegiatan Pendampingan Penyusunan SKP Kanwil Kemenkumham Sulteng 
1037296364722388992,Keunggulan RKUHP
1214332790776270848,Charter luwuk Landingan kunming
2943866215,Luwuk - Jumat (09/09/2022) Mengakhiri kegiatan pekan ini Kantor Imigrasi Kelas II Non-TPI Banggai melaksanakan apel sore di Halaman Kantor Imigrasi Kelas II Non-TPI Banggai dan Apel ini juga dilakukan di Unit Kerja Kantor Imigrasi Banggai di Morowali 
1037296364722388992, 5 Misi Pembaruan Hukum dalam RKUHP Nasional 
1037296364722388992, Urgensi Pembaruan RKUHP 
1490140512656904192,BPBD MEMPERCEPAT PENANGANAN DAMPAK BANJIR DI LUWUK TIMUR
1174824845726511104,Agustus Terimakasih Banyak Cerita Yang Selalu Menjadi Kenangan September Selamat Datang Semoga Kau Tidak Mengecewakanku . . . Luwuk Banggai September 01 2022 00:12 #OPPOReno8Series
1133767029784055808,daritadi nahan nangis anjir baru kali ini berat banget buat balik luwuk
713186648524083201,#NowPlaying Radio Suara Padodohi FM Luwuk Banggai (@RadioLuwuk) Via #Erdioo for Android
2259829830,Hallo admin @JNECare mohon tindak lanjut paket saya 173230000763022 dari serang tujuan luwuk waru malang sudah 10 hari posisi masih di cilegon aja. Mohon gercep dong jangan mengecewakan terus
1357549739403743235,Sultan-sultan Luwuk tolong buka gerai chatime atau es teh indonesia danggg‚ÄçÔ∏è
1037296364722388992, Penguatan Pemahaman Evaluasi Penyelenggaraan SPBE 
1266669845463961600,Aku bingung hpnya boba 3 tpi hasil jepretan nya kok luwuk sama tiktoknya gag smooth ini aku yg salah liat apa gimana? Bahkan mirror selfinya luwuk Bkn bermaksud menjatuhkan tpi kok beda dri yg pd pke boba yg biasa aku liat 
125918605,sy awal2 jadi umbies cukup shock soal fakta jual beli jabatan yang cuma sy nonton di drama2 eh kejadian depan mata mana kantor ampe didemo rakyat ngeuriii tjuuyy alhamdulillah ga anarkis kl anarkis kan bisa libur pulang deh ke luwuk 
2282934284,Tiket pesawat skrg naiknya g mikir2 dlu wktu kuliah paling mahal 600san Luwuk-makassar akhir 2020 juga masih sempt dpt 300rb eh skrg paling murh 1 4 jt serasa jakarta-singapore
897488070068510720,Pasti sunday kmrin warga area luwuk banya yg cuci dong pe kendaran dengan iming iming biar ke tempat gawe terlihat clean nan keren
803569620,Luwuk-Makassar-Jakarta-Banjarmasin-Semarang. Gila sih transit pesawatnya
1371458149,Mama pagi2 nelpon magang di luwuk aja ya mba biar pulang :) . Pas kuliah jadi makin sering di suruh pulang :)
854141656433659904,blessed silver luwuk of television
1058980665788575744,Berat ninggalin luwuk tuh selain berat ninggalin orang-orang yg icul sayang ya berat nentuin barang mana yg harus dibawa dan barang mana yg harus ditinggal 
1296378148624330753,Selamat HUT RI ke 77. Maaf telat dari Luwuk Sulawesi Tengah
1037296364722388992,Kementerian Hukum dan HAM RI melaksanakan kegiatan Penguatan Tugas dan Fungsi Kehumasan secara virtual yang berpusat di Jakarta pada Senin (15/08) Kanwil Kemenkumham Sulteng Budi Argap Situngkir
128556683,Palu - Luwuk - Makassar - Palu
3176913732,Dan ketika pertemuan terjadi ada suka cita disana Dan ketika perpisahan itu datang walaupun hanya sebentar Tapi terasa duka yang mendalam Luwuk Agustus 2022
1458071808574251012,highschool in luwuk bonek.
1037296364722388992,Luwuk (03-08-2022 s/d 05-08-2022) seluruh pegawai Bapas Kelas II Luwuk ikuti perlombaan dalam rangka menyemarakkan HUT RI dan Hari Dharma Karya Dhika ke-77 Tahun 2022. Perlombaan yang diadakan di Lingkungan Bapas Luwuk antara lain tenis meja domino tarik tambang 
1037296364722388992,Bogor - Dalam rangka meningkatkan kapasitas Sumber Daya Manusia (SDM) Bapas Kelas II Luwuk jajaran Kemenkumham Sulawesi Tengah. Pembimbing Kemasyarakatan Ahli Pertama Dwiki Aprilian Putra mengikuti kegiatan Workshop dan Lokakarya
2238942602,-2.4172 122.7074 Nuke please. Target 162 km S of Luwuk Indonesia Fri 29 Jul 2022 04:51:02 PM UTC.
1223177357369888768,Menghadapi tim Lapas Luwuk dilaga semifinal tim Rutan Poso mengalami kesulitan dengan tempo dan pressure tinggi yang diterapkan tim lawan. Berbekal fokus dan semangat akhirnya tim Rutan Poso melaju ke babak final dengan melibas tim Lapas Luwuk 7-1.
1058980665788575744,Kemaren malam rada galau mikirin bulan depan dah ninggalin luwuk hari ini bener bener pengen kalo bisa tar pagi dah balik semarang 
1292324407801610241,Trnyata di luwuk ada mixue wkwkwk Skrng nunggu mie gacoan dtng ke luwuk kira2 bisa gk yaa :)
230755828,cakep-cakep deh cowok-cowok di luwuk gatel dikit gpp y krn ak jomblo
99831052,Capek ngga motil mks-jogja-solo-jogja-sby-mks-luwuk dalam 2 minggu? Jujurly capek tapi suweneng dan happy bisa sibuk gini sibuk sama kerjaan sambil jalan jalan dari pada sibuk ngurusin hidup orang ya kan kek hidupnya udah ga ada masalah aja 
1551095338471424000,Luwuk muna barat
53882648,Hampir 1 jam cm ngantri bensin luar biasa Luwuk
1141624940203872257,Seru banget liat else yang se dom pada kumpul Ini ga ada else luwuk sulteng??? 
525268044,Mujizat aya jaringan di Kawung luwuk 
1058980665788575744,Mencari teman nugas di luwuk sangat susah ya :)
53882648,Bisa gak sih orang jual makanan yg beneran enak di Luwuk
1058980665788575744,Baru sadar followers twitter banyak orang luwuk ya maapkeun ya guys kalo icul kebanyakan bacot di twitter. Di mohon untuk apa yg ada di twitter tetap ada di twitter alias jgn jadi gibahan anjer
373961988,Kapan sih di luwuk ada pizza hut mcd starbucks dan pepper lunch ?? CRAVING AF !!
1037296364722388992, Pemotongan Hewan Qurban Pada Perayaan Hari Raya Idul Adha 1443H Kanwil Kemenkumham Sulteng 
1037296364722388992, Temuan 65 Paket Sabu Oleh Petugas Lapas Kelas IIB Luwuk Kanwil Kemenkumham Sulteng 
1052127934658428929,Emak bapak nyampe jam berapa sihhh Aku udah kangen aakkk Aku udah pulka dari Selasa lalu tapi emak bapak lagi di Luwuk eueueu
1102368795765555201,Ka. Kanwil Kemenkumham Sulteng Budi Argap Situngkir apresiasi temuan narkoba karena jajaran Lapas Luwuk tidak lengah walaupun menjelang momentum hari raya Idul Adha.
1292393742431694848,Ka. Kanwil Kemenkumham Sulteng Budi Argap Situngkir apresiasi temuan narkoba karena jajaran Lapas Luwuk tidak lengah walaupun menjelang momentum hari raya Idul Adha.
1292393742431694848,Hasil temuan sabu yang ditemukan pihak Lapas Luwuk Kanwil Kemenkumham Sulteng telah diserahkan ke Polres Banggai. Budi Argap Situngkir
1211470132393852928,Pasca kejadian tersebut pihak Lapas Luwuk Kanwil Kemenkumham Sulteng mengintensifkan pengawasan kepada pengunjung dan seluruh area Lapas. Budi Argap Situngkir
1211470132393852928,Ka. Kanwil Kemenkumham Sulteng Budi Argap Situngkir apresiasi temuan narkoba karena jajaran Lapas Luwuk tidak lengah walaupun menjelang momentum hari raya Idul Adha.
1211470132393852928,Hasil temuan sabu yang ditemukan pihak Lapas Luwuk Kanwil Kemenkumham Sulteng telah diserahkan ke Polres Banggai. Budi Argap Situngkir
1047685137649917952,Pasca kejadian tersebut pihak Lapas Luwuk Kanwil Kemenkumham Sulteng mengintensifkan pengawasan kepada pengunjung dan seluruh area Lapas. Budi Argap Situngkir
1047685137649917952,Ka. Kanwil Kemenkumham Sulteng Budi Argap Situngkir apresiasi temuan narkoba karena jajaran Lapas Luwuk tidak lengah walaupun menjelang momentum hari raya Idul Adha.
1047685137649917952,Hasil temuan sabu yang ditemukan pihak Lapas Luwuk Kanwil Kemenkumham Sulteng telah diserahkan ke Polres Banggai. Budi Argap Situngkir
1438059918481768449, Temuan 65 Paket Sabu Oleh Petugas Lapas Kelas IIB Luwuk Kanwil Kemenkumham Sulteng 
1223177357369888768,Ka. Kanwil Kemenkumham Sulteng Budi Argap Situngkir apresiasi temuan narkoba karena jajaran Lapas Luwuk tidak lengah walaupun menjelang momentum hari raya Idul Adha.
1037296364722388992, RUU Pemasyarakatan Resmi Diundangkan Wujudkan Keadilan Restoratif dan Sistem Peradilan Terpadu 
3176913732,2014 id adha di purwokerto 2015 id adha di perjalanan ke ambon 2017 id adha di P. Karamaian Masalembo 2022 id adha di Luwuk Banggai
930464147392757760,Ono ulo ulone Luwuk Ndelike Nang ngisor wit jeruk Ono Joko Tingak tinguk Tangane gratil nekem batuk
1037296364722388992, Rapat Persiapan Rangkaian Kegiatan Peringatan Hari Dharma Karya Dhika Ke-77 Oleh Kanwil Kemenkumham Sulteng 
210403674,Kebangun gara2 ngimpi ada yang mau kirim kemiri 5 ton dari Luwuk Banggai ke Makassar pake pesawat ATR :)
286178121,Bayangkan match di bmble ternyata seangkatan di smp dan dikirimi foto lawas dekil luwuk
593424936,Kemaren waktu di Luwuk ada mas mas cerita jadi sekitar tahun 2000an awal. Ada nelayan yang ga sengaja jaring Ikan Mola-mola karena informasi masih minim jadi warga pada gatau ini ikan apaan dan gaada warga yang berani makan itu ikan. Alhasil mereka anggep itu ikan jadi-jadian..
1037296364722388992, KANWIL KEMENKUMHAM SULTENG TERUS EDUKASI MASYARAKAT TERKAIT KEWARGANEGARAAN 
1223177357369888768,Kegiatan Sosialisasi Kewarganegaraan oleh Kanwil Kemenkumham Sulteng bertempat di Estrella Hotel Luwuk. @kanwilsulteng Budi Argap Situngkir
1037296364722388992, Persatuan Futsal Pengayoman Ikuti Turnamen Futsal Fest Vol. 1 2022 
799424130701344768,Kek nya aku nulis udah jelas deh dari batui ke luwuk ini yg balas storyku malah ngasih tau kalo ada mas ini itu dll yg di luwuk mau ke batui 
42746295,Pengen banget keripik singkong kesampeannya di Luwuk
74468796,Ada orang Luwuk Banggai Laut di sini?
1037296364722388992, Antusias Masyarakat Sulawesi Tengah dalam Penyelenggaraan Mobile IP Clinic Kanwil Kemenkumham Sulteng 
1037296364722388992, Mobile Intellectual Property Clinic (MIPC) Kanwil Kemenkumham Sulteng di Kabupaten Sigi 
1037296364722388992,Kanwil Kemenkumham Sulteng lakukan Penguatan Administrasi pada Kanim Kelas II Non-TPI Banggai.
2238942602,-0.4867 124.3816 Nuke please. Target 184 km ENE of Luwuk Indonesia Thu 02 Jun 2022 07:43:02 PM UTC.
1037296364722388992, Kemenkumham Raih Penghargaan Standar Pelayanan Publik 
1037296364722388992, Upacara Peringatan Hari Lahir Pancasila Tahun 2022 Kanwil Kemenkumham Sulteng 
1037296364722388992, Kegiatan Pembinaan dan Monitoring Pengelolaan Sistem Informasi Pelayanan Publik (SIPP) di Kanwil Kemenkumham Sulteng 
1037296364722388992, Kegiatan Monitoring Sosialisasi dan Telahaan Kebijakan Program Pemasyarakatan di Lingkungan Kanwil Kemenkumham Sulteng 
1037296364722388992, Kanwil Kemenkumham Sulteng Ikuti Workshop Penguatan Kerja Sama secara Virtual 
1037296364722388992, Kegiatan Ujian Tulis Seleksi Kenaikan Pangkat Penyesuaian Ijazah dan Ujian Dinas pada Kanwil Kemenkumham Sulteng Tahun Anggaran 2022 
125918605,bahasa sunda ini kalo ngomong tidak itu teu ya kl mereka ngobrol kedengerannya jadi te' di luwuk juga tidak itu te'. te mau (tidak mau) te lapar ( tidak lapar ) te aus ( tidak haus) 
1037296364722388992, Langkah yang Segera diambil Kanwil Kemenkumham Sulteng Setelah Lulus TPI 
1037296364722388992, Kanwil Kemenkumham Sulteng Sayangkan Warga Binaan Selundupkan Narkoba ke Rutan Lewat Makanan 
1037296364722388992, Kanwil Kemenkumham Sulteng Apresiasi Rutan Palu yang Gagalkan Penyelundupan Narkoba 
1037296364722388992, Kegiatan Penilaian TPI pada Kanwil Kemenkumham Sulteng 
104428315,Wkwk bisa seminggu gue di makassar ini.. Padahal gue punya doa sederhana.. Cuma karna di toili sinyal gak bagus.. gue minta ke luwuk aja yg sinyalnya bagus. Malah dibuang ke makassar 
1037296364722388992, Kegiatan Deklarasi Pernyataan Pencanangan Layanan Publik dan Pembinaan Lembaga Publik Berbasis HAM Kanwil Kemenkumham Sulteng 
1037296364722388992, Kegiatan Supervisi Pagu Indikatif Tahun Anggaran 2023 Kanwil Kemenkumham Sulteng 
799424130701344768,Ditanyain mumi klp lain skrg knp batui jarang bikin acara dlu sering skali bikin story ngumpul Krna akunya di luwuk mumi di komplek batui kan tinggal aku 
1528250550780760064,Cari tante-tante di luwuk
324736043,bandara luwuk sekarang udah bagus bersih rapii dibanding lima tahun lalu! (waktu trip ke banggai yg terombang-ambing tengah laut dulu) toiletnya pun! cuman nunggu bagasinya lamaa...
1037296364722388992, Upacara Hari Kebangkitan Nasional 2022 Kanwil Kemenkumham Sulteng 
125918605,di suruh ke jakarta bulan depan tapi ga niat kamu saja yg pigi aku pulang luwuk aja wes senang kok
1037296364722388992, Kanwil Kemenkumham Sulteng: Antisipasi Setiap Kendala Guna Lancarkan Kegiatan 
1037296364722388992, Kegiatan Penilaian Kompetensi Kanwil Kemenkumham Sulteng 
1037296364722388992, Monitoring Kebersihan Lingkungan Kanwil Kemenkumham Sulteng 
1037296364722388992, Kakanwil Periksa Kehadiran Pegawai Pastikan Kedisiplinan Pegawai Kanwil Kemenkumham Sulteng 
187479397,Puskesmas Mantok Ke Pertigaan Bunga Luwuk = 67KM
4925598762,Selamat malam @IndiHome internet indihome area Luwuk Sulawesi Tengah lagi kolap yaa?
1037296364722388992,Unit Pelayanan Teknis (UPT) kantor Bapas Kelas II Luwuk jajaran Kementerian Hukum dan HAM Sulawesi Tengah selalu mencoba memberikan pelayanan yang terbaik untuk masyarakat.
1245711627200020481,demi allah kangen luwuk
1734488773,Gw bakal rindu kota luwuk setelah 2 tahun gak kesana karena pandemi. Ahamdulillah akhirnya tahun ini bisa berkumpul bersama keluarga besar and it was so fun. Sygnya gw udah balik hari ini
1070086249786990592,tbh luwuk kotor banget cok
1075022439011119104,Ngger liwat jambu luwuk- hotel wilis spion kanan owk mesti disampluk motorrrrrrr
1037296364722388992,Rabu 27 April 2022 Pejabat dan staf Bapas Luwuk ikuti Upacara Peringatan Hari Bhakti Pemasyarakatan ke 58 yang diselenggarakan terpusat dan diikuti secara virtual (Humas Bapas Luwuk)
206113869,Mahal bet travel Parigi - Luwuk
1037296364722388992,Jumat 23 April 2022 Dalam rangka memperingati Hari Bakti Pemasyarakatan ke 58 PIPAS Bapas Luwuk bersama Lapas Luwuk adakan Bhakti Sosial dan Ziarah ke TMP Tanjung Tuwis Luwuk (Humas Bapas Luwuk)
1632115830,Duit kok nganti luwuk dangkalen ki le do ngopeni ki piye jane
846746092658049024,#earthquake Magnitudo 4.7 - 101 km SSW of Luwuk Indonesia (48 minutes 12 seconds ago)
2238942602,-1.8385 122.5617 Nuke please. Target 101 km SSW of Luwuk Indonesia Wed 20 Apr 2022 11:09:02 AM UTC.
1037296364722388992,Rabu 20 April 2022 Dalam rangka memperingati Hari Bhakti Pemasyarakatan ke 58 Bapas Luwuk bersama Lapas Luwuk adakan tabur bunga bertempat di Taman Makam Pahlawan Tanjung Tuwis Luwuk. Kegiatan ini bertujuan untuk mengenang dan menghormati jasa para pahlawan yang telah gugur. -
164959055,habis cerita ke miki kalo dulu pernah ngobrolin reply 1988 sama anak2 di luwuk dibikin nangis gara2 romi cerita ttg episode anak rantau.. sampe dikasih tisu roti sama susu kata miki lu kayak orang pingsan yang! 
332178917,dapet undangan nikah dari temen tttaaapiiii alamat resepsinya di luwuk dongggjan ngadi ngadi eluu ye
902557678261608451,Kerja sm orang yg gabisa kerja efektif jadi harus bolak balik Luwuk Bunta (PP 7 Jam) tuh bener-bener jadi cobaan puasa kali ini sih... welcome 2 minggu ga ngapa-ngapain tapi diluar kota.
365298667,Luwuk dingin bener dah
104428315,Gue kira abis ngurus bast 1 luwuk gue bisa staycation dulu di makassar. Ternyata harus ngurus perpanjangan toili 
324258155,/3an Lempuyangan ngidul arah jambu luwuk kok ramee do ngopo toh..?
799424130701344768,Kalo misal jodohku dtgnya bentar lg harapannya sih orang luar Sulawesi atau paling engga bukan orang luwuk dan sekitarnya alasanya biar bisa ngelupain masa lalu tapi aku bisa engga ya jauhan dari mama bapak walaupun keliatan sok keras aslinya aku manja banget 
81407409,See u luwuk toili sulteng... Nice trip next ---&gt; borneo 
216596697,5 bulan di Luwuk belum pernah liat ada yang jual getuk lindri 
899547464209883136,Asuransi Jiwa Syariah Terbaik Di Luwuk; Inil Dia Ciri-Cirinya! ... [SELENGKAPNYA] #asuransijiwa
125918605,baru bangun tidur yang keinget malah pdrb luwuk gede banget tapi kenapa oh kenapa dahlah ntar dijitak keluarga
899547464209883136,Asuransi Jiwa Terbaik Di Luwuk; Inil Dia Ciri-Cirinya! ... [SELENGKAPNYA] #asuransijiwa
556223536,tapi te bisa d pungkiri memang Midun nakz Luwuk ini representasi sesungguhnya FOMO. Cagar budaya Banggai
1089176643162247168,Se murio luwuk
1179785022099714048,satu pelatihan sama orang dari toli-toli (sulawesi tengah). dari ceritanya dia bilang disana banyak wisata alam yg bagus khususnya laut dan juga daerah luwuk air nya jernih kaya kristal. apalagi dia bilang di manado cewenya cakep2. kalo ada waktu semoga bisa ke sulawesi.
53882648,Plis superindo/hypermart/carrefour apapun supermarket chain buka cabang di Luwuk kek!!!
1037296364722388992,Senin 14 Maret 2022 pukul 12.00 WIB sampai dengan 13.30 WIB bertempat di Polres Poso unit Lalu lintas telah dilaksanakan Pendampingan dan wawancara Penelitian Kemasyarakatan oleh PK Pertama Adhi. S terhadap 1 orang ABH atas perkara Pasal 310 ayat (4) UU No. 22 Thn 2009.......
1037296364722388992,Senin 14 Maret 2022 Kepala Bapas Luwuk memberikan Piagam Penghargaan kepada pegawai berprestasi yang telah menerapkan budaya disiplin dan memberikan pelayanan yang terbaik kepada masyarakat. Acara yang dilaksanakan saat apel pagi dan secara langsung dirangkaikan pemberian......
125918605,your luwuk accent is so sexy sambiki = labu kuning popoki = terong pitsin = ajinomoto taxi = angkot bahugel = selingkuh apalagi e ? 
385894867,#TetapProkes. Mari mengenal Ama Achmad pendiri Komunitas Babasal Mombasa dari Luwuk Kabupaten Banggai Sulawesi Tengah dalam Good to Great pagi ini #NOW #LIVE #SOSOK #Inspirasi #literasi #sastra #luwuk #banggai #sulteng cc: @BabasalMombasa @ama_achmad
1272449987637415938,Luwuk terima kasih larna sudah jadi kota yang menyakitkan sekaligus menyenangkan. Aku akan mengenangmu dgn sangat baik 
164959055,perpisahan pegawai kalo di luwuk mewah banget. beda sama di osop 
1454990303161565192,Otw Luwuk lobu
1391341281591234561,yah gue mau cpt cpt lulus sma dan harus keterima snmptn dmn kek asal jauh dr sini gue udah enek sama ni ortu terus gue anterin dl nenek gue buat tinggal bareng adeknya di luwuk dan gur akn sekolah keluar kota dn tdk akn pernah kmbli
506636126,ngomongin luwuk jadi kangen togean :(
1214945000401715206,Di luwuk banyak makanan enak tpi teada tmn yang diajak :(
53882648,WA ibu kos minta tolong kasih bersih rumput di kosan eh malah ditelfon diajak ngobrol ngalor ngidul taunya ada anaknya di gading serpong gerejanya di GKI trs jadi nawarin ikut kegiatan di gerejanya yg di Luwuk. Ngakak bet idup
264541245,Jangan coba-coba naik mobil dari Palu ke Luwuk gempor beneran kaki 
366057031,tiap hari mati lampu tiap hari ilang jaringan; welcome to luwuk :))
1089176643162247168,Luwuk no lleva lentes?
1445204217535205382,Dua pekan kemarin ada temen dari Muara Enim ke jogja ngobrol pakai logat Sumsel ternyata aku masih bisa pakai logatnya dan beberapa kosakata. Tadi barusan ngobrol di telpon sama temen kerja di Luwuk langsung berubah logat Sulawesi. Padahal di grup Karawaci lagi pakai gue elu
248492638,PDAM LUWUK BANGGAI KEK TAI
854141656433659904,burnt luwuk of serpent
1272449987637415938,Luwu timur luwuk timur. Hammaaaaaaa.. Beda 1 huruf tpi bkin overthinkingg trossss
216596697,Dengar-dengar nih ada cluster Cappadocia? Hmmmm bahkan punya kenalan di kota ini (Luwuk) yang sekarang lagi di Cappadocia 
1272449987637415938,Cuacanya kota luwuk bikin mager 
1089176643162247168,Luwuk de regreso a ser racista
279909142,Menyesal skali kasi pulang mama ke Luwuk kemarin :(
216596697,Hampir 3 bulan di Luwuk. Ini kota pe panas sekali di sini saya mandi 4 sampai 5 kali dalam sehari 
2195491645,Pen ndang balik luwuk
76671638,Ga sanggup liat harga bisnis ke luwuk sampe 10jt padahal kelas ekonomi biasa cuma 1 3jt apakah duduk di kelas bisnis kelebihannya bisa langsung interaksi sm awan di langit ya? Sungguh sangat membagongkan.
216596697,Tok tok tok! Luwuk jual cimol?
899547464209883136,Asuransi Jiwa Terbaik Di Luwuk; Inil Dia Ciri-Cirinya! ... [SELENGKAPNYA] #asuransijiwa
1037296364722388992,Rabu 12 Januari 2022 Jajaran Kantor Wilayah Sulawesi Tengah melaksanakan penandatanganan deklarasi janji kinerja dan penandatanganan komitmen pelaksanaan Zona Integritas dengan tema Menjadi Insan Pengayoman yang Lebih Baik Semakin PASTI Menuju Indonesia Maju .
1261515631729360897,Luwuk memang t bisa ada tampat hiburan KACAU turus piki. Kalo mabo pulang tdr lebeh bagus
1450237210721095680,Jangan Bilang Cantik Kalu Bulum Pernah Ba Gadang Deng Cowo.. #luwuk
1453852186878697472,Yg di siuna luwuk ad kh?? #siunapagimana
352148258,#sukubangsa #bugis Di #sulawesi selatan Pelaut merantau petani Ahli membuat perahu kayu Ada Kesultanan Bone Bugis Luwuk Soppeng. Kasta : Anakarung / bangsawan Tomaradika / rakyat Ata / budak Makanan: Coto konro pallubasa barongko
109772208,Setelah disadari 2021 brings me to many place I haven't visited yet before. Sudah ke Manado Gorontalo Palu Kupang Tomohon Palopo Toraja. Dear 2022 habis ke Luwuk pindah ya 
1471901312102981634,Luwuk micek
1096018741878386688,luwuk dimana anjir jauh banget mas
488087911,: moo nanti kalau sampai Luwuk aku pengen makan KFC : yaelah biasa banget makan ikan pake papeda lah : *tersenyum seperti lambanh kumon*
541674389,Petugas Gagalkan Penyelundupan 2.000 Pil THD ke Lapas Luwuk
1136143667909996545,Jakarta - Makasar - Luwuk - Makasar - Jakarta
1070868894653411328,Why suddenly people are selling pempek di luwuk Banggai pujaan Kita. Kane jaya jaya jaya
1292487987410776065,vaksinke luwuk sek
248492638,Luwuk 11.41 PM menata menarik kembali alur hidup di 2021 seperti biasa banyak yang sudah dalam genggaman lalu terlepas begitu saja entah memang bukan rezeki atau aku yang memang terlalu tolol dan tak bisa menjaga.
164959055,poso 100%: b aja. luwuk 100%: OMG BANGGA BANGET 
121297227,Jeleknya pengendara Luwuk tu emang gabungan jeleknya pengendara Palu + jeleknya pengendara Jkt sih.
971782142,panitia sirkuit monaco pun insecure baliat sirkuit nya luwuk ini
854141656433659904,famous luwuk of corn
1471803902311886850,Melayani pijat panggilan daerah Sulawesi tengah kota luwuk 082241403562
137012720,Lolos seleksi interview ke tahap selanjutnya dan penempatan di luwuk sulteng 
59391286,Yth @pln_123 ini di Luwuk Utara prov Sulteng kok tiap hari jadi mati listrik ya? Biasanya seminggu atau 2 minggu sekali. Ini udah 5 hari berturut-turut mati terus jamnya random pula. Sedih banget dah 
1350332723206868992,Perjalana yg sangat mengesankan dr palu menuju Luwuk bangga pd lokasi kebun kopi Uwentira. ihttps://youtu.be/7WxVzwX3TwY
1205568318502883376,Kayak baru kemaren baca berita soal kasus Luwuk dan Melati sudah ada kasus Novia dan vonis ringan pemerkosa anak anggota DPRD. Now you know why women tend to develop anxiety disorder.
1094319343,Pengen ke luwuk
1635418716,Dan #Luwuk bagiku bukan hanya sekedar masalah geografis lebih jauh dari itu melibatkan Ongkos Makan-Puji kandati ini isi dompet so sunyi!! wkwk
2691323539,kangen pulau dua luwuk:(
1058980665788575744,Pusing bgt di luwuk gaada temen buat ngerjain tugas
708706536,Luwuk vibes me : ehh ayoo sama sama makan pisang goreng ini ee sb : ada me : hah? 
1281059095097700352,moots kalian ada yang punya sodara tinggal di sulawesi tengah atau tepatnya di Luwuk? boleh rep yaa kalo kalian ada yang tinggal disana
860168181532549120,LUWUK INDONESLA 4.1 DEPREM
1188572307100327936,Jangan ngaku punya banyak teman apabila wa-mu tidak ada ibu-ibu muda olshop yang panjang story wa-nya setara PAGIMANA - LUWUK.
124620342,Kadang masih kepikiran w ga ngajak ngobrol temen yg dr Luwuk 
1462391188560904194,ÿ®ÿ≥ŸÖ ÿßŸÑŸÑŸá ÿßŸÑÿ±ÿ≠ŸÖŸÜ ÿßŸÑÿ±ÿ≠ŸäŸÖ Dengan Rahmat Tuhan Viral Luwuk Baru Memulai membuat Akun di Twitter Semoga Bisa Bermanfaat Dan Selalu membantu Menyebarkan Berita Yang Tengah Viral Khususnya Di Kota Air Luwuk Kabupaten Banggai Sulawesi Tengah. Support &amp; Follow Kami Yah 
99862732,Ini org harus belajar cara hubungi org dgn nomor baru. Chat hari minggu tanpa perkenalkan dia siapa trus tiba2 minta dikirimkan notulen rapat skrg. Pas cek nomornya di get contact eh ternyata admin Luwuk. Woow tdk bisa ku bayangkan kalo cara dia hubungi transportir juga begini
1461750705300017154,Bokep Luwuk
1309257211160395776,Yahhh tahun baru kok di luwuk sih
1112626938282049537,Mohon pak ahok tindak lanjuti tinggi nya harga bbm di luwuk Sulawesi Tengah. Banyak masyarakat mengeluh harga bbm @basuki_btp
4356405932,*FOR INDONESIA WATERS Kami butuh tk 300ft - 330ft ada cgo sbb: 1. Batu split Pol Luwuk Banggai Pod Merauke Papua Budget rp 350.000/m3 Muat bongkar prorata 8 hari Laycan segra Hub Jatijaya group Tel. 08111773488 Wa 087888186167 Email: jatijayatranslogistik@gmail.com
1457674326925209600,Di Luwuk ada bikin enak ga
279909142,Skg ku tau kenapa tiap sampe Bandara Luwuk selalu hard landing berasa nae kopaja Karna Landasan pendek dan potensi angin pinggir laut. Waaaaahh thank you tiktok 
195642037,Hingga saat ini blm ada laporan dampak kerusakan akibat Gempa Luwuk M5 0. Meskipun pusatnya di laut tetapi hasil pemodelan tsunami menunjukkan bhw gempa ini tdk berpotensi tsunami. Hasil monitoring BMKG hingga pukul 12.30 WIB blm menunjukkan ada gempa susulan (aftershock).***
195642037,Guncangan Gempa Luwuk M5 0 dirasakan di Luwuk cukup kuat dalam skala intensitas III-IV MMI menyebabkan banyak warga lari berhamburan keluar rumah. Sedangkan di Taliabu guncangan dirasakan dalam skala intensitas III MMI.
2238942602,-0.5679 123.5638 Nuke please. Target 96 km ENE of Luwuk Indonesia Mon 08 Nov 2021 05:22:04 AM UTC.
799424130701344768,Duh mati tupperware mama ketinggalan di ATM luwuk sabisanya baru ingat skrg dahlah
799424130701344768,Kaget bgt ada yg msuk kamar pas tidur trnyata inun nganterin tinutuan trus blg gabisa lama mau ke luwuk. Nge WA ilham trus dia blg dia mau ke luwuk besok daerahan. Oiiii kalian kok jahat sih giliran aku di luwuk ga ada yg dtg pas aku balik malah ditinggal ke luwuk 
1422083167461072896,Dear @Erdioo Radio *RADIO GALASIKA FM LUWUK (@galasikaFM102_3) sudah tidak bisa diakses nih :(
36295567,nyampe di Luwuk pagi tadi...sehabis mandi lgsg tidur. pengaruh capek ato anti mabok entah eh jam segini mata dah pengen merem lg 
366057031,pgn pulang luwuk :(
372628158,ada kemungkinan besar aku akan kembali ke Luwuk. Yeeeaaay 
799424130701344768,Salah satu hal teraneh di dunia ini versiku adalah org batui tapi manggil namaku izza 
799424130701344768,W benci bgt kalo co cod tapi alamatnya salah harusnya ke luwuk malah jd ke batui nnti mak ku ngomel¬≤ kalo aku co trus 
799424130701344768,Aku kalo di luwuk ngecas hp sehari 2 kali pas bangun subuh sama sore pas beberes giliran di batui ngecas sekali bisa dipake 2 hari kalo di luwuk tuh bener¬≤ kesepian jd larinya main hp trus
799424130701344768,Kenapa batui itu dinginnya aneh
799424130701344768,Batui dr januari sampe awal oktober msh hujan terus kata mama soalnya ada korona jd cuacanya jg berubah Memang 2020 beda.
199493660,Siap siap berangkat ke Batui #Sulawesi_Utara
757433933399220224,Disampaikan kepada masyarakat apabila melihat/mengenal kendaraan Suzuki Carry Putih dengan Velg Merah tersebut agar segera melapor atau menghubungi kantor polisi terdekat karena kendaraan tersebut terlibat kejadian Laka Lantas di Ds. Honbola Kec. Batui
757433933399220224,KASAT LANTAS MENYAPA Giat pengamanan Unjuk Rasa di Kec. Batui Meskipun cuaca sangat panas tetap semangat melaksanakan tugas pak mantap . . #satlantaspolresbanggai #polresbanggai #polisilalulintas
216725713,manado bilang busu hati kalau batui ibiih yuu jijik 
1367171670,Ketika hati so dirumah tapi raga masih di batui
1636591520,So masuk batui.
2460863510,selamat sore Batui... pake hp jadul ip5s editing Lightroom windows
2324969310,Otw batui coba angkat tgan yg d batui siapa tw MW d visit
2324969310,Yg anak batui menyaut dlu
2324969310,Konter batui
2687174346,Haloo ... sahabat fokus FM batui Salam kompak selalu di'udara Yuu .. Gabung malam ini di'acara fokus song ReQues Bareng Bung'iLy Yang mau ikutan malam ini .. bisa di'nomor Radio no'081527858483 atau lasung Gabung di'status terbaru kami ..
2687174346,Hai sahabat radio batui .. Salam kompak selalu buat kalian Malam ini . Yu .. Gabung malam ini di acara Fokus song .. reQues .. edisi-26 september 2018 pkul_22:00-sampai 00:00 bersama sy Bung'ilLi Gabung di'ruang Dengar anda ..
2687174346,halo sahabt Radio fokus Fm Batui .. Gabung bersama anda malam ini di'Acara Fokus Song Mari jo .. Gabung malam ini Nop ..081527858483 reques .. Edisi 25-09-2018
2687174346,sLamat malam sahabat FOKUS...apa kbar...?? malam ini jumpa lagi bareng putra kaili tentunya hanya di fokus radio 107.7 fm batui..yg pngen gbung silahkn tembus di No.081527858483.
2687174346,sLamat malam sahabat FOKUS apa kbar...??? malam ini jumpa lgi bareng putra kaiLi hanya di fokus radio 107.7 fm batui yang pengen gabung silahkan sja tmbus di 081527858483....salam kompak slalu..!!!
1258796346,Kemarin Buka nya di Batui hari ini Buka nya di Bualemo.. Selalu dalam lindungan Allah Suami kuh.. 
963896857,perjalanan batui luwuk mantap gan jalanan mulus bukti kerja pembangunan pak @jokowi nyata...
2687174346,halo .. sahabat radio fokus fm batui . jumpa lagi kita kembali menghibur di'ruang dengar anda .. yg mau ikutan di'silakan komen di'bawa ... Edisi siar ..19/04-2018
2687174346,Haiii sahabat Radio Nah ... jumpa bareng Bung ili Temani malam anda di'107.7 Mhz Hanya di Fokus Fm Batui Naah .. yang mau ikutan Malam ini di'acara fokus Song ReQues .. (Requessan Lagu) Edisi-28/march/2018 pukul;20:00 sampai 00:00
2687174346,Fokus Humor hanya ada di'fokus FM batui di' ketingian 107.7..
2687174346,sLamat maLam saHabat FOKUS. jumpa Lgi bareng putra kaiLi tntunya hnya di 107.7 fm batui di aksi fokus song request...!!!
2687174346,fokus song reQuest yg pngen gabung di tunggu atensinya maLam ini....kita seru seruan aja di 107.7 fm batui..
2460863510,Belajar main2 ke pedalaman daerah Batui dulu...
1636591520,Setelah Daurah di masjid rest area Lanjut Rihlah ke bendungan sisipan kec. Batui.
384382683,Ngeeeeeeeeng mlm ini deng spu #batui_mlm_ini
384382683,Bobo.. Istrhat full bsok siap otw batui
2687174346,Terima Kasih Sudah Bergabung Dengan Radio Fokus FM Batui Salam Kompak dan tetap Fokus..!!
2687174346,fokus song reQuest bareng putra kaiLi......yg ikutan gabung d'tnggu atensinya d'085824104317.FOKUS radio 107.7 fm batui..!!!
384382683,Bljr b bkin akhirnya jadi jgaa katiri batui-blbngkang hahaha #untuk_buka_puasa
2687174346,haLLo sHabat FOKUS apa kBar...???? jMpa Lgi bReng putra kaiLi yg sLaLu setia mNghibur sHabat FOKUS d'107.7 fm batui.
384382683,Capcus batui..
2687174346,fokus Song reQues .. Bersama Bung'ili di'107 7 batui
788363436027543553,batui luwuk-sulawesi tengah diguyur hujan deras
812942816020025344,cuaca di batui lagi buruk. se buruk hati aku. tapi tetap semangat dalam menjalankan tugas.
2687174346,saatnya sholat isya .. Untuk Batui Dan sekitarnya . ..
2687174346,slamat mlm sahabat fokus yu .. gabung di'107 8 batui.. fokus Top ReQues . bareng iLy ..
384382683,Slmat pagi kmpung orng #batui
384382683,Otw batui
2687174346,met mlam shabat fokus yuk join di 107.8 fm batui..
2687174346,selamat mlam shabat fokus yuk join d.107.8 fm batui..
384382683,Okee otw palu bye bye batui yg terlalu baxk menyimpn kenangn smpai ktemu lgi 
384382683,Kse puas-puas di rmh deng kkq syng #ratna n keponakan #ekhi mo lma lgi inja batui 
1636591520,Jalan-jalan bersama para ustadz. bgini kalo masih muda harus banyak melanglangbuana. :D berkunjung ke Batui Sulawesi Tengah Indonesia
2687174346,alhamdulillah slesai Proyek Desain Logo DELTA NETWORK Batui (design by: ipank media creative)
2687174346,Mengudara Tanpa Pamri Untuk Kemajuan Batui 
1438021417,Bertapa di batui kita
1409461622,Selamat pagi Wuihh 1jam lg Penyala Banggai akn melakukan Perjalanan Menuju Desa Sinorang Kec.Batui Selatan utk pembukaan Rumbel Simba'a Raya
1123883893,Ulamung batui sarau Di naunna endeqmu Jappoq-I batu Tanjappoq passengaq-u
497484286,Ada yg jual masker spirulina area Luwuk-Batui??
497484286,ADA Yg jual masker spirulina area Luwuk-batui??
384382683,huuufftt smpe di batui bkanxa jln cma urus btuk+influenza hmm btul menyusahkn 
384382683,akhirnya smpai jga di batui hmmmm prjlnn 2 hri yg melelahkan huuuuffttt cpek skali 
1409461622,Selain itu kami juga berkunjung ke sekolah SD Trans Batui 5 tempat salah satu PM untuk berbagi juga dengan anak-anak lucu disana .9
1409461622,Atas rekomendasi salah satu PM yang ada di Trans Batui 5 kami membuka taman baca di desa ondo-ondolu 1 di salah satu rumah warganya .2
1409461622,Oh ia Kemarin sabtu 28 Maret 2015 kami penyala beserta teman-teman inspirator Kelas Inspirasi Banggai Laut berkunjung ke Desa Trans Batui .1
2188207393,Hihih;D! @nupakammaku: Pasti pacarmu penggemar batu toh? Bah iyo kutauji ngambekko pasti kalo dicueki grgr bahas batui sama temanna.. 
494683310,Ta'bangka batui hahaa nyakk
1258796346,Siap berangkat Batui.. santai
2271746947,20 Camat Nilai Subkontraktor Tidak Transparan: MEDIA BANGGAI-Batui Selatan. Pada Pertemuan yang digelar di BPU Kantor Camat Batui ... 20
2271746947,20 Soal Sengketa Lahan Mantan Kades Nonong Adukan PPGM: MEDIA-BANGGAI-Batui. Rusam Kadir mantan kepala desa Nonong Kecamatan Batu... 20
2687174346,Batui menuju kota industri Masyarakat tidak siap..?
474610428,Satu kalipi kepala batui hatiku.. Tetap tetap ingin sama kita.. #tojema.. *exit.. :* 9 10 8 1
474610428,Kita memang bade.. Tapi rasa ini tattalekangi kapala batui tdk maui dibeda2kan..
1062023935,Heh batui haha @cimiyaulia: Dari bunta hahaha @agungyabasa: Serasa terlahir kembali 
2590514810,ujan trus di batui
497484286,Di batui sy . Ngana ?? @RhandyChadas: @desnyCrisna ou luwuk d mna? Sya luwuk jga 
2206442226,Alahamdulilah SMA Negeri 1 BATUI Lulus 100 %
562697734,bdedeh.. tidur batui njo ondeng mana? @RhyRohida: @PurnamaPS_ @Muhachrary_SQ @MahdiyahDenisya @fhanybeliebers masih matei jadi ndak mun
115871183,Batui mi itu smsku kan bisa ja lbih dr itu :p
1600299433,Hahah be ada gaga it tmpt =)) @sherlymantow: Hahah ya iy ituuuu ste tau dmna=)) @Aldywahid: Batui dibalantang di dkt pasar =)) 
1600299433,Batui dibalantang di dkt pasar =)) @sherlymantow: batui jo=)) @PertanyaanCinta: Tempat apa yg menurutmu paling romantis untuk kencan? 
384382683,huuuufttt neh daerh batui pnas skali eghh..
497484286,Hahaa okree @Selvinaastuti: Pulang batui bru bikin acara :D @desnyCrisna: Hahaaa sy tinoransak ee :p
497484286,Hahahaa nda ji . Masi logat batui ki inii :D @WandyAngelo: hahaaha oh iyo ok ok heehe beh t g so b logat makasar e haahahah
844114957,Bgian hanga2 satu @DewieAdams_: Waktu Indonesia Bag. Batui ?? #eh :D @utdindonesialwk :D mimin lg d wktu WIB :p @DewieAdams_ :
564725722,Di mana t4 ba pesan kue ulang Tahun di seputaran batui :) #mohoninfo
497484286,Adit yg 1c SMA batui ? @Mirzan_Aditya: @desnyCrisna knpa ??? 
540533338,Jaringan minta di batui kali yaa 
2232949022,Bgmna @AldyNaufaldi24 tdkk ba ikot cmaa ka batui wkwkwkwk
497484286,So ujang wilayah batui . Oh My God X_X
1524621222,Sma09 kelas berapaki ? @sherlysherlyt: @Asriyantho : smpn 3 batui kita 
497484286,Pulang batui atuh syang . @uQ_Agama: @desnyCrisna mo kmna ngana kah ??? 
564725722,Sampe skrang batui bulum manyala lampu ?? kon knpa drng ba pindah ba demo ituu .. so bukan di PLN tapi di GATE 1 ?? hmmmm
541748772,Siniko ku gerek ko haha @nartss: Bunuhma kodong-____- @Firdhaamanda: Wee ipa mu juga krna buku tulis di kmpul @nartss: Ih mau di batui i
541748772,Wee ipa mu juga krna buku tulis di kmpul @nartss: Ih mau di batui itu monyet @Firdhaamanda: Ndatauu nda cukup ki bdek nilai mu @nartss:
540533338,Jaringan kalau malam bagus yaaa :3 iya Bagus di batui !
564725722,Kita ke jakarta jelas kita pake gue dan Loe kalo drng so di batui jelas Pake sa den nga #iniusobukanjakarta
2183189107,6. Dgn wil. kekuasaan Banggai Darat hingga ke Tanjung Api Sungai Bangka dan Togong Sagu yang terletak di sebelah Selatan Kecamatan Batui.
318886914,Kepala batui bde pacarna yayan-_-hoammmta pacar-______-
398753857,Enak mungkin klo Batui Orang Truss Kabur. Haha XD
399228060,Addduh PLN Tidak Mengerti Kalo Orang Masak Ayam ! Cilaka | Seluruh SulSel Mati Lampu ! Batui PLN =)) Paccei SYL
587172283,Pengennya sih batui itu guru 
485637719,Sinimii yah :-p @Yeenong: @khypoy batui mi itu kau :p 
485637719,Siapa sini saya batui haha @Yeenong: @khypoy ada something yang membuat aku jengkel 
204626071,Iye amin @IndhyNindhy: Amin @ekaviaa: Iye semoga cepat luluh @IndhyNindhy: Iya kamu juga manna mao batui haha @ekaviaa: Syalalaaa sem
204626071,Iye semoga cepat luluh @IndhyNindhy: Iya kamu juga manna mao batui haha @ekaviaa: Syalalaaa semnagatna deh @IndhyNindhy: Amin yaAllah
1643111551,Otw batui \m/
525375068,Kalo jualki bensin eceran ! Simpan mki pale dikulkasta supaya a'batui wkwkwk-__- @WOWFakta: Kalau membeli bensin sebaiknya anda lakukan d
180381790,15 Menit sebelm tutup kantor minta ditunggu bilang so mau otw. 20 menit berlalu ditanya katanya baru mau otw skrang so 45 menit berlalu blm muncul juga Persibal - Puge so macam yg otw dari Batui e. Tolongggg kalu basuru batunggu tau diri sedikit bisa kannnnn ?! 
2354080046,Sambutan dari batui.. (mobotu na uwe.. Kaa mobotu nah potoutusan batui tobaa banggai?) Artix : putus air laut atau kuala baru putus persaudaraan batui dengan banggai. #luar_biasa_ini_kalimat
618609481,Mnta Tolong Are Luwuk .Nambo Batui..Klo liat Cewe yG bju Merah yg D'Dpan nhy Tlong info Krna dri tdi mlm smpe skrng Nhy blm plng
2354080046,Bsok otw ini dodol durian... otw ampana atw otw batui???
1636591520,So masuk batui.
2460863510,selamat sore Batui... pake hp jadul ip5s editing Lightroom windows
2354080046,Mari eratkan hubungan kita pau banggai_pau batui Humaera Hanai
2354080046,Anakmu eee liat itu so ba lajangon di batui.. itu Ruhaeda yg krm org batui Matara Andi Matalatta Humaera Hana'i Rahma Hana'i
2354080046,Ya Allah tolong lindungi keluarga di palu donggala poso ampana luwuk (khususx di kintom dgn batui) aminnn... tdk bisa ba tlp soalx ini beehhh
828202159,Ready ayam petelur yang sudah apkir. Sehat wal afiat.. . Bobot ayam 1 7 - 2 2 kg . Rasa 11/12 ayam kampung.. alamat : ds. Sukamaju 1 kec. Batui selatan. stock skrg terbatas. Siapa cepat dia dapat Info order hub: Wa: 085243020005
1258796346,Kemarin Buka nya di Batui hari ini Buka nya di Bualemo.. Selalu dalam lindungan Allah Suami kuh.. 
2460863510,Belajar main2 ke pedalaman daerah Batui dulu...
1636591520,Setelah Daurah di masjid rest area Lanjut Rihlah ke bendungan sisipan kec. Batui.
384382683,Ngeeeeeeeeng mlm ini deng spu #batui_mlm_ini
384382683,Bobo.. Istrhat full bsok siap otw batui
2354080046,Laolang = kintom Lumbulanya = batui Roti Goreng = umumnya Sma kmu p kmpung apa???
384382683,Bljr b bkin akhirnya jadi jgaa katiri batui-blbngkang hahaha #untuk_buka_puasa
384382683,Capcus batui..
4831485287,Makan siang #Rumah makan padang Batui
384382683,Slmat pagi kmpung orng #batui
384382683,Otw batui
608241651,HUUU!!!...TA SANGKOT LAGI DI BATUI. .SUAAAAAAKK!!!...bikin jengkel
384382683,Okee otw palu bye bye batui yg terlalu baxk menyimpn kenangn smpai ktemu lgi 
384382683,Kse puas-puas di rmh deng kkq syng #ratna n keponakan #ekhi mo lma lgi inja batui 
1636591520,Jalan-jalan bersama para ustadz. bgini kalo masih muda harus banyak melanglangbuana. :D berkunjung ke Batui Sulawesi Tengah Indonesia
2354080046,otw lgi sya.. batui.. bsok otw lgi lwuk.. dpe mlm otw banggai...
3338919730,4 hari lagi lebaran yg mau order kaos Gogoslalampa kita ada quick delivery antar lgsng paket ke rmh anda utk seputaran batui sampe biak
3338919730,Kalau ke arah batui-toili dan butuh Rest Area coba mampir di jembatan mendono ada jajanan kuliner tradisional yg bisa buat oleh2 berbuka.
3338919730,Untuk pembelian seputar batui dan kota luwuk kami bisa delivery langsung produk kaos oleh2 gogoslalampa utk luar kota pakai jasa pengiriman.
1409461622,Selamat pagi Wuihh 1jam lg Penyala Banggai akn melakukan Perjalanan Menuju Desa Sinorang Kec.Batui Selatan utk pembukaan Rumbel Simba'a Raya
497484286,Ada yg jual masker spirulina area Luwuk-Batui??
497484286,ADA Yg jual masker spirulina area Luwuk-batui??
384382683,huuufftt smpe di batui bkanxa jln cma urus btuk+influenza hmm btul menyusahkn 
384382683,akhirnya smpai jga di batui hmmmm prjlnn 2 hri yg melelahkan huuuuffttt cpek skali 
1409461622,Selain itu kami juga berkunjung ke sekolah SD Trans Batui 5 tempat salah satu PM untuk berbagi juga dengan anak-anak lucu disana .9
1409461622,Atas rekomendasi salah satu PM yang ada di Trans Batui 5 kami membuka taman baca di desa ondo-ondolu 1 di salah satu rumah warganya .2
1409461622,Oh ia Kemarin sabtu 28 Maret 2015 kami penyala beserta teman-teman inspirator Kelas Inspirasi Banggai Laut berkunjung ke Desa Trans Batui .1
625388794,Hello batui panasnya luar binasa -_-
1258796346,Siap berangkat Batui.. santai
629266104,rindu kampung halamanku in Batui-luwuk-kab.banggai-sulteng-indonesia
2271746947,20 Camat Nilai Subkontraktor Tidak Transparan: MEDIA BANGGAI-Batui Selatan. Pada Pertemuan yang digelar di BPU Kantor Camat Batui ... 20
398525895,Batui-luwuk kayak sumatera-papua kerasa jauhnya 
608241651,Odo. . . . Lama-lama dapat baa malam minggu di batui ini
119349761,Hati kita gampang sekali berubah tdk ada yg abadi. #Saatnya otw Batui heheehee
2271746947,20 Soal Sengketa Lahan Mantan Kades Nonong Adukan PPGM: MEDIA-BANGGAI-Batui. Rusam Kadir mantan kepala desa Nonong Kecamatan Batu... 20
2467072100,Pagi2 mama sms rumah kebanjiran....ya allah ksh brnti dlu hujan di batui...:'(:'(:'(ksian mama...
608241651,Ru dri pagimana. Sholat jumat dlu ru otw lagi batui.
608241651,Kangen berat pacarku pelama skali nga di batui. Kapan nga bale ka luwuk LomEe?..
2467072100,Tadinya berharap makan lalampa sepuasnya di kampung eh taunya harga palu dgn batui so sama jow..!!cepat2 naik haji tante ee..!!
2590514810,ujan trus di batui
1248338288,Malam ini nginap d batui lagii #membosankansunyisekalikalomalam
497484286,Di batui sy . Ngana ?? @RhandyChadas: @desnyCrisna ou luwuk d mna? Sya luwuk jga 
2251329102,Otw batui.
2206442226,Alahamdulilah SMA Negeri 1 BATUI Lulus 100 %
2437887913,Hari Sabtu Hunting di Desa Lamo Kec. Batui Kab. Banggai
1248338288,Harus terima oh batui !!!!!
2383426879,Ustad Das'ad Latif Live Lapangan Balantang Kec. Batui
1600299433,Hahah be ada gaga it tmpt =)) @sherlymantow: Hahah ya iy ituuuu ste tau dmna=)) @Aldywahid: Batui dibalantang di dkt pasar =)) 
1600299433,Batui dibalantang di dkt pasar =)) @sherlymantow: batui jo=)) @PertanyaanCinta: Tempat apa yg menurutmu paling romantis untuk kencan? 
384382683,huuuufttt neh daerh batui pnas skali eghh..
497484286,Hahaa okree @Selvinaastuti: Pulang batui bru bikin acara :D @desnyCrisna: Hahaaa sy tinoransak ee :p
497484286,Hahahaa nda ji . Masi logat batui ki inii :D @WandyAngelo: hahaaha oh iyo ok ok heehe beh t g so b logat makasar e haahahah
844114957,Bgian hanga2 satu @DewieAdams_: Waktu Indonesia Bag. Batui ?? #eh :D @utdindonesialwk :D mimin lg d wktu WIB :p @DewieAdams_ :
1955940475,Otw batui ...
497484286,Adit yg 1c SMA batui ? @Mirzan_Aditya: @desnyCrisna knpa ??? 
2232949022,Bgmna @AldyNaufaldi24 tdkk ba ikot cmaa ka batui wkwkwkwk
497484286,So ujang wilayah batui . Oh My God X_X
152646633,Makan makan ronde 1 wth &lt;3 #Mie Cakalang @Home Batui
809285316,Supaya adil si anak SD yg mau ujian @cyabusama tdr saja baru pak guru SD batui @uyha_takhuya juga tdr saja hihihi
497484286,Pulang batui atuh syang . @uQ_Agama: @desnyCrisna mo kmna ngana kah ??? 
1923834878,Io masi laku d batui itu @irandaaisyiah1: Ng mo byr dn daun klapa ? -_- yah so tlku skrg daun klapa :p @Kibon_7788: Maksut ny daun kalapa
1649307714,Demo lgi di batui_______??
225382971,Soryy. @RizkyStarr: @tridiny @taciitaci eyqe sj yg meluncur di batui. 
225382971,Drumahnya siapa ? @RizkyStarr: @taciitaci Mangooo betuul anak palu. Di batui jo dn qt! 
1701500245,Awaaasss beb e klau tdk jujur sma z tau to yg z blng kmrin ingat ituuu..@hz_iqbal: Jujr beb d rumah in ntn bola hujan batui.T kmna beb syg
1445399490,Jujur beb d rumah in ntn bola hujan batui. T kmna beb syg @NandaUkhuah: Oh iye beb beb di mna.?jujur e jujurrrr @hz_iqbal:
1701500245,Hari mnggu z brngkat sda di grontalo nga.? @Rian_LupU: hahaha... kpn kah nga brgkt k mksr.?? z kra msh d batui @NandaUkhuah
249952691,Otw.... Jalan2 luwuk batui
1546912554,Klau gni ngk jdi rencna buat SMA di Batui... #tonjoktonjokpohonkelapa
1546912554,Kangen kampung halaman #Batui klau gini ak SMAnya di snah aj deh..... Wkwkwkwkwk :3
81068588,Maaf lahir batin cewek-cewek cetar membahenol @dwitajima @dinaparadilla. Openhouse di batui kmri kamu :'D:*{}
1546912554,Dia ka pagimana sa ka batui.. Ckckckckck
1546912554,OTW BATUI
758521532,Bage logat batui... heheeheh Wai' Wai' eh ada lgunya Pentaboyz - Sayang Bilg Sayang Req By Mob - Rajawali #SIChByRequestNgabuburit
914241607959900160,Bunda nanna di batui sulteng
3327427046,Survei #batui_Banggai
166985859,Packing2... Luwuk-batui kelar.. Bsk so mw pindah ruas lg ke batui-toili.. Tambah jauuuh apa2 X_X 3-|
2456982624,PESANTREN KILAT RAMADHAN SMK NEGERI 1 BATUI SELATAN (menjadi generasi muslim bertaqwa mandiri dan berprestasi)
517263442,Luwuk_Batui .hujan terus le kaka Dot tdak bisa jalan kita dsini...
2467072100,Pagi2 mama sms rumah kebanjiran....ya allah ksh brnti dlu hujan di batui...:'(:'(:'(ksian mama...
2467072100,Tadinya berharap makan lalampa sepuasnya di kampung eh taunya harga palu dgn batui so sama jow..!!cepat2 naik haji tante ee..!!
2204024406,menanti UN yang semakin dekat#SMA NEGERI 1 BATUI/LULUS
225382971,Soryy. @RizkyStarr: @tridiny @taciitaci eyqe sj yg meluncur di batui. 
225382971,Drumahnya siapa ? @RizkyStarr: @taciitaci Mangooo betuul anak palu. Di batui jo dn qt! 
1643111551,Otw batui \m/
2364166669,Hari pertama kerja di batui...
2364166669,Pindah kampung otw batui
2364166669,Kembali lagi ka batui (kerja).