text,sentiment
15 Menit sebelm tutup kantor minta ditunggu bilang so mau otw. 20 menit berlalu ditanya katanya baru mau otw skrang so 45 menit berlalu blm muncul juga Persibal - Puge so macam yg otw dari Batui e. Tolongggg kalu basuru batunggu tau diri sedikit bisa kannnnn ?!,negatif
Salah satu hal teraneh di dunia ini versiku adalah org batui tapi manggil namaku izza,netral
W benci bgt kalo co cod tapi alamatnya salah harusnya ke luwuk malah jd ke batui nnti mak ku ngomel² kalo aku co trus,negatif
Dear @Erdioo Radio *RADIO GALASIKA FM LUWUK (@galasikaFM102_3) sudah tidak bisa diakses nih :(,negatif
Kenapa batui itu dinginnya aneh,negatif
Batui dr januari sampe awal oktober msh hujan terus kata mama soalnya ada korona jd cuacanya jg berubah Memang 2020 beda.,negatif
Sambutan dari batui.. (mobotu na uwe.. Kaa mobotu nah potoutusan batui tobaa banggai?) Artix : putus air laut atau kuala baru putus persaudaraan batui dengan banggai. #luar_biasa_ini_kalimat,negatif
Siap siap berangkat ke Batui #Sulawesi_Utara,netral
Disampaikan kepada masyarakat apabila melihat/mengenal kendaraan Suzuki Carry Putih dengan Velg Merah tersebut agar segera melapor atau menghubungi kantor polisi terdekat karena kendaraan tersebut terlibat kejadian Laka Lantas di Ds. Honbola Kec. Batui,netral
KASAT LANTAS MENYAPA Giat pengamanan Unjuk Rasa di Kec. Batui Meskipun cuaca sangat panas tetap semangat melaksanakan tugas pak mantap . . #satlantaspolresbanggai #polresbanggai #polisilalulintas,positif
manado bilang busu hati kalau batui ibiih yuu jijik,negatif
Ketika hati so dirumah tapi raga masih di batui,positif
Haiii sahabat Radio Nah ... jumpa bareng Bung ili Temani malam anda di'107.7 Mhz Hanya di Fokus Fm Batui Naah .. yang mau ikutan Malam ini di'acara fokus Song ReQues .. (Requessan Lagu) Edisi-28/march/2018 pukul;20:00 sampai 00:00,netral
Ini Luwuk dah 2 bulan gloomy banget cuaca.. tiap tidur dah g pernah pake AC lagi saking dinginnya,negatif
Bsok otw ini dodol durian... otw ampana atw otw batui???,netral
So masuk batui.,netral
@Bhinbin: @musrifah92 miss u to.. Bsok cpt jow ble k batui e... @Bhinbin iya sYgq bsok diriq cpat pLg...,netral
Otw batui coba angkat tgan yg d batui siapa tw MW d visit,netral
Mari eratkan hubungan kita pau banggai_pau batui Humaera Hanai,netral
Yg anak batui menyaut dlu,netral
Konter batui,netral
Hari pertama kerja di batui...,netral
Pindah kampung otw batui,netral
Haloo ... sahabat fokus FM batui Salam kompak selalu di'udara Yuu .. Gabung malam ini di'acara fokus song ReQues Bareng Bung'iLy Yang mau ikutan malam ini .. bisa di'nomor Radio no'081527858483 atau lasung Gabung di'status terbaru kami ..,netral
Anakmu eee liat itu so ba lajangon di batui.. itu Ruhaeda yg krm org batui Matara Andi Matalatta Humaera Hana'i Rahma Hana'i,netral
Mau tanya aq sdh daftar di Telkom Plasa Luwuk utk pemasangan wilayah batui sdh mau 2 bln blm jg ada pemasangan tolong infonya,negatif
Mau tanya aq SDH daftar di Plasa Telkom hampir 2 bulan belum jg dipasang Indihomex wilayah batui tolong informasinya,negatif
Ya Allah tolong lindungi keluarga di palu donggala poso ampana luwuk (khususx di kintom dgn batui) aminnn... tdk bisa ba tlp soalx ini beehhh,positif
Hai sahabat radio batui .. Salam kompak selalu buat kalian Malam ini . Yu .. Gabung malam ini di acara Fokus song .. reQues .. edisi-26 september 2018 pkul_22:00-sampai 00:00 bersama sy Bung'ilLi Gabung di'ruang Dengar anda ..,netral
halo sahabt Radio fokus Fm Batui .. Gabung bersama anda malam ini di'Acara Fokus Song Mari jo .. Gabung malam ini Nop ..081527858483 reques .. Edisi 25-09-2018,netral
Ready ayam petelur yang sudah apkir. Sehat wal afiat.. . Bobot ayam 1 7 - 2 2 kg . Rasa 11/12 ayam kampung.. alamat : ds. Sukamaju 1 kec. Batui selatan. stock skrg terbatas. Siapa cepat dia dapat Info order hub: Wa: 085243020005,netral
sLamat malam sahabat FOKUS...apa kbar...?? malam ini jumpa lagi bareng putra kaili tentunya hanya di fokus radio 107.7 fm batui..yg pngen gbung silahkn tembus di No.081527858483.,netral
sLamat malam sahabat FOKUS apa kbar...??? malam ini jumpa lgi bareng putra kaiLi hanya di fokus radio 107.7 fm batui yang pengen gabung silahkan sja tmbus di 081527858483....salam kompak slalu..!!!,netral
Kemarin Buka nya di Batui hari ini Buka nya di Bualemo.. Selalu dalam lindungan Allah Suami kuh..,positif
perjalanan batui luwuk mantap gan jalanan mulus bukti kerja pembangunan pak @jokowi nyata...,positif
halo .. sahabat radio fokus fm batui . jumpa lagi kita kembali menghibur di'ruang dengar anda .. yg mau ikutan di'silakan komen di'bawa ... Edisi siar ..19/04-2018,netral
Edukasi Permenkumham No 06 berjalan dengan baik dan penuh pemahaman warga binaan pindahan Lapas Parigi dan Lapas Luwuk serta dilaksanakan dengan motto kerja Lapas Ampana Cepat Tepat Tuntas (CTT) untuk Lapas Ampana yang lebih baik dan tertib. (Red/Humas-Laspana),positif
Fokus Humor hanya ada di'fokus FM batui di' ketingian 107.7..,netral
sLamat maLam saHabat FOKUS. jumpa Lgi bareng putra kaiLi tntunya hnya di 107.7 fm batui di aksi fokus song request...!!!,netral
fokus song reQuest yg pngen gabung di tunggu atensinya maLam ini....kita seru seruan aja di 107.7 fm batui..,netral
Bunda nanna di batui sulteng,netral
Otw batui... haya-haya mananti,netral
Belajar main2 ke pedalaman daerah Batui dulu...,netral
Setelah Daurah di masjid rest area Lanjut Rihlah ke bendungan sisipan kec. Batui.,netral
Senin 14 Maret 2022 pukul 12.00 WIB sampai dengan 13.30 WIB bertempat di Polres Poso unit Lalu lintas telah dilaksanakan Pendampingan dan wawancara Penelitian Kemasyarakatan oleh PK Pertama Adhi. S terhadap 1 orang ABH atas perkara Pasal 310 ayat (4) UU No. 22 Thn 2009.......,netral
Bobo.. Istrhat full bsok siap otw batui,netral
Laolang = kintom Lumbulanya = batui Roti Goreng = umumnya Sma kmu p kmpung apa???,netral
Terima Kasih Sudah Bergabung Dengan Radio Fokus FM Batui Salam Kompak dan tetap Fokus..!!,netral
fokus song reQuest bareng putra kaiLi......yg ikutan gabung d'tnggu atensinya d'085824104317.FOKUS radio 107.7 fm batui..!!!,netral
Bljr b bkin akhirnya jadi jgaa katiri batui-blbngkang hahaha #untuk_buka_puasa,positif
haLLo sHabat FOKUS apa kBar...???? jMpa Lgi bReng putra kaiLi yg sLaLu setia mNghibur sHabat FOKUS d'107.7 fm batui.,netral
Capcus batui..,netral
fokus Song reQues .. Bersama Bung'ili di'107 7 batui,netral
batui luwuk-sulawesi tengah diguyur hujan deras,positif
cuaca di batui lagi buruk. se buruk hati aku. tapi tetap semangat dalam menjalankan tugas.,negatif
Makan siang #Rumah makan padang Batui,netral
saatnya sholat isya .. Untuk Batui Dan sekitarnya . ..,netral
slamat mlm sahabat fokus yu .. gabung di'107 8 batui.. fokus Top ReQues . bareng iLy ..,netral
Slmat pagi kmpung orng #batui,netral
Otw batui,netral
met mlam shabat fokus yuk join di 107.8 fm batui..,netral
selamat mlam shabat fokus yuk join d.107.8 fm batui..,netral
HUUU!!!...TA SANGKOT LAGI DI BATUI. .SUAAAAAAKK!!!...bikin jengkel,negatif
Okee otw palu bye bye batui yg terlalu baxk menyimpn kenangn smpai ktemu lgi,positif
Kse puas-puas di rmh deng kkq syng #ratna n keponakan #ekhi mo lma lgi inja batui,positif
Kebakaran di gudang logistik CPP PERTAMINA BATUI LUWUK BANGGAI,netral
Jalan-jalan bersama para ustadz. bgini kalo masih muda harus banyak melanglangbuana. :D berkunjung ke Batui Sulawesi Tengah Indonesia,positif
alhamdulillah slesai Proyek Desain Logo DELTA NETWORK Batui (design by: ipank media creative),positif
Mengudara Tanpa Pamri Untuk Kemajuan Batui,netral
Bertapa di batui kita,netral
Menghadapi tim Lapas Luwuk dilaga semifinal tim Rutan Poso mengalami kesulitan dengan tempo dan pressure tinggi yang diterapkan tim lawan. Berbekal fokus dan semangat akhirnya tim Rutan Poso melaju ke babak final dengan melibas tim Lapas Luwuk 7-1.,netral
4 hari lagi lebaran yg mau order kaos Gogoslalampa kita ada quick delivery antar lgsng paket ke rmh anda utk seputaran batui sampe biak,netral
Kalau ke arah batui-toili dan butuh Rest Area coba mampir di jembatan mendono ada jajanan kuliner tradisional yg bisa buat oleh2 berbuka.,netral
Untuk pembelian seputar batui dan kota luwuk kami bisa delivery langsung produk kaos oleh2 gogoslalampa utk luar kota pakai jasa pengiriman.,netral
Selamat pagi Wuihh 1jam lg Penyala Banggai akn melakukan Perjalanan Menuju Desa Sinorang Kec.Batui Selatan utk pembukaan Rumbel Simba'a Raya,netral
Luwuk_Batui .hujan terus le kaka Dot tdak bisa jalan kita dsini...,negatif
Ada yg jual masker spirulina area Luwuk-Batui??,netral
Perpisahan kls 3 Smp negeri 1 batui,netral
huuufftt smpe di batui bkanxa jln cma urus btuk+influenza hmm btul menyusahkn,negatif
akhirnya smpai jga di batui hmmmm prjlnn 2 hri yg melelahkan huuuuffttt cpek skali,negatif
Sisa tiga alat lagi maka KERABAT MEUBEL BATUI akan mulai berjalan,netral
Selain itu kami juga berkunjung ke sekolah SD Trans Batui 5 tempat salah satu PM untuk berbagi juga dengan anak-anak lucu disana .9,netral
Atas rekomendasi salah satu PM yang ada di Trans Batui 5 kami membuka taman baca di desa ondo-ondolu 1 di salah satu rumah warganya .2,netral
Oh ia Kemarin sabtu 28 Maret 2015 kami penyala beserta teman-teman inspirator Kelas Inspirasi Banggai Laut berkunjung ke Desa Trans Batui .1,netral
Hello batui panasnya luar binasa -_-,negatif
Toili - batui - luwuk. Goo..,netral
Ta'bangka batui hahaa nyakk,netral
Aktifitas projec d area uso kec Batui Kab luwuk. sudah t lm lg selesai.,netral
Siap berangkat Batui.. santai,positif
rindu kampung halamanku in Batui-luwuk-kab.banggai-sulteng-indonesia,positif
20 Camat Nilai Subkontraktor Tidak Transparan: MEDIA BANGGAI-Batui Selatan. Pada Pertemuan yang digelar di BPU Kantor Camat Batui ... 20,negatif
Batui-luwuk kayak sumatera-papua kerasa jauhnya,negatif
Odo. . . . Lama-lama dapat baa malam minggu di batui ini,netral
Hati kita gampang sekali berubah tdk ada yg abadi. #Saatnya otw Batui heheehee,netral
20 Soal Sengketa Lahan Mantan Kades Nonong Adukan PPGM: MEDIA-BANGGAI-Batui. Rusam Kadir mantan kepala desa Nonong Kecamatan Batu... 20,negatif
Pagi2 mama sms rumah kebanjiran....ya allah ksh brnti dlu hujan di batui...:'(:'(:'(ksian mama...,negatif
Ru dri pagimana. Sholat jumat dlu ru otw lagi batui.,netral
Kangen berat pacarku pelama skali nga di batui. Kapan nga bale ka luwuk LomEe?..,positif
Batui menuju kota industri Masyarakat tidak siap..?,negatif
Tadinya berharap makan lalampa sepuasnya di kampung eh taunya harga palu dgn batui so sama jow..!!cepat2 naik haji tante ee..!!,negatif
Kembali lagi ka batui (kerja).,netral
Kita memang bade.. Tapi rasa ini tattalekangi kapala batui tdk maui dibeda2kan..,negatif
Heh batui haha @cimiyaulia: Dari bunta hahaha @agungyabasa: Serasa terlahir kembali,positif
ujan trus di batui,netral
daerah batui sulawesi tengah di guyur hujan terus,netral
Malam ini nginap d batui lagii #membosankansunyisekalikalomalam,negatif
Di batui sy . Ngana ?? @RhandyChadas: @desnyCrisna ou luwuk d mna? Sya luwuk jga,netral
Otw batui.,netral
Trnyta tdi ada kka' @YunitaIDOL8. Haha. Tekirim akn drg lauee.? Hahah atoo ole dri batui?,positif
Alahamdulilah SMA Negeri 1 BATUI Lulus 100 %,positif
bdedeh.. tidur batui njo ondeng mana? @RhyRohida: @PurnamaPS_ @Muhachrary_SQ @MahdiyahDenisya @fhanybeliebers masih matei jadi ndak mun,netral
Burungnya Batui so de @intanmiftaa_ :D ahahhaha,positif
Hari Sabtu Hunting di Desa Lamo Kec. Batui Kab. Banggai,netral
Harus terima oh batui !!!!!,netral
Ustad Das'ad Latif Live Lapangan Balantang Kec. Batui,netral
Hahah be ada gaga it tmpt =)) @sherlymantow: Hahah ya iy ituuuu ste tau dmna=)) @Aldywahid: Batui dibalantang di dkt pasar =)),netral
Batui dibalantang di dkt pasar =)) @sherlymantow: batui jo=)) @PertanyaanCinta: Tempat apa yg menurutmu paling romantis untuk kencan?,netral
huuuufttt neh daerh batui pnas skali eghh..,negatif
Hahaa okree @Selvinaastuti: Pulang batui bru bikin acara :D @desnyCrisna: Hahaaa sy tinoransak ee :p,positif
Hahahaa nda ji . Masi logat batui ki inii :D @WandyAngelo: hahaaha oh iyo ok ok heehe beh t g so b logat makasar e haahahah,positif
Bgian hanga2 satu @DewieAdams_: Waktu Indonesia Bag. Batui ?? #eh :D @utdindonesialwk :D mimin lg d wktu WIB :p @DewieAdams_ :,positif
Di mana t4 ba pesan kue ulang Tahun di seputaran batui :) #mohoninfo,netral
Otw batui ...,netral
Adit yg 1c SMA batui ? @Mirzan_Aditya: @desnyCrisna knpa ???,netral
Bgmna @AldyNaufaldi24 tdkk ba ikot cmaa ka batui wkwkwkwk,netral
Satnitenya di batui - -,netral
So ujang wilayah batui . Oh My God X_X,netral
Mnta Tolong Are Luwuk .Nambo Batui..Klo liat Cewe yG bju Merah yg D'Dpan nhy Tlong info Krna dri tdi mlm smpe skrng Nhy blm plng,negatif
Sma09 kelas berapaki ? @sherlysherlyt: @Asriyantho : smpn 3 batui kita,netral
Supaya adil si anak SD yg mau ujian @cyabusama tdr saja baru pak guru SD batui @uyha_takhuya juga tdr saja hihihi,netral
Pulang batui atuh syang . @uQ_Agama: @desnyCrisna mo kmna ngana kah ???,netral
Sampe skrang batui bulum manyala lampu ?? kon knpa drng ba pindah ba demo ituu .. so bukan di PLN tapi di GATE 1 ?? hmmmm,negatif
batui diserang wabah serangga berbau menyengat. harap pakai masker kaca mata dan penutup telinga saat keluar rumah.,negatif
Itu tetangga di sebelah mabukmi sede teriak2 d jalan kapan tong ada batui =)),netral
Io masi laku d batui itu @irandaaisyiah1: Ng mo byr dn daun klapa ? -_- yah so tlku skrg daun klapa :p @Kibon_7788: Maksut ny daun kalapa,netral
Jaringan kalau malam bagus yaaa :3 iya Bagus di batui !,positif
Kita ke jakarta jelas kita pake gue dan Loe kalo drng so di batui jelas Pake sa den nga #iniusobukanjakarta,netral
Huuuu z kira dislakan.. Knp ng p pin so teada sm z..?? @BudiThirayoo: @OctafanyMusa skg di batui.... ada apa mbak?,netral
Demo lgi di batui_______??,netral
6. Dgn wil. kekuasaan Banggai Darat hingga ke Tanjung Api Sungai Bangka dan Togong Sagu yang terletak di sebelah Selatan Kecamatan Batui.,netral
Kepala batui bde pacarna yayan-_-hoammmta pacar-______-,netral
Soryy. @RizkyStarr: @tridiny @taciitaci eyqe sj yg meluncur di batui.,netral
Drumahnya siapa ? @RizkyStarr: @taciitaci Mangooo betuul anak palu. Di batui jo dn qt!,netral
Addduh PLN Tidak Mengerti Kalo Orang Masak Ayam ! Cilaka | Seluruh SulSel Mati Lampu ! Batui PLN =)) Paccei SYL,negatif
Awaaasss beb e klau tdk jujur sma z tau to yg z blng kmrin ingat ituuu..@hz_iqbal: Jujr beb d rumah in ntn bola hujan batui.T kmna beb syg,netral
Jujur beb d rumah in ntn bola hujan batui. T kmna beb syg @NandaUkhuah: Oh iye beb beb di mna.?jujur e jujurrrr @hz_iqbal:,netral
Hari mnggu z brngkat sda di grontalo nga.? @Rian_LupU: hahaha... kpn kah nga brgkt k mksr.?? z kra msh d batui @NandaUkhuah,netral
Otw.... Jalan2 luwuk batui,netral
Klau gni ngk jdi rencna buat SMA di Batui... #tonjoktonjokpohonkelapa,negatif
Kangen kampung halaman #Batui klau gini ak SMAnya di snah aj deh..... Wkwkwkwkwk :3,positif
Otw batui \m/,positif
Maaf lahir batin cewek-cewek cetar membahenol @dwitajima @dinaparadilla. Openhouse di batui kmri kamu :'D:*{},positif
Dia ka pagimana sa ka batui.. Ckckckckck,negatif
Kalo jualki bensin eceran ! Simpan mki pale dikulkasta supaya a'batui wkwkwk-__- @WOWFakta: Kalau membeli bensin sebaiknya anda lakukan d,netral
Bage logat batui... heheeheh Wai' Wai' eh ada lgunya Pentaboyz - Sayang Bilg Sayang Req By Mob - Rajawali #SIChByRequestNgabuburit,netral
Hallo sobat BaLuk terima kasih atas partisipasi yang diberikan dalam mendukung Balai Pemasyarakatan Kelas II Luwuk Jajaran Kementerian Hukum dan HAM Sulawesi Tengah guna memberikan pelayanan yang terbaik bagi masyarakat.,positif
Wishlist: bisa ke Luwuk Banggai lagi tapi liburan bukan kerja :),positif
Yeayyy besok pulang Luwuk,positif
udah kangen luwuk aja,positif
Ternyata msh banyak air terjun sekitaran luwuk yg blm aku datangi P inpo partner gaaaas,positif
Luwuk pe panas le s krg sama deng gtlo,negatif
Taun kemarin sibuk ngurusin proyek di palu taun ini ditinggal ngurusin di luwuk,netral
Badan pegel boyok sakit buat jongkok kang pijetku lagi di luwuk mingdep mau balik darjo pula,negatif
udah brpa taun ga pernah natalan di luwuk :),positif
Ujan sore-sore kon playlist ambon manise dp vibes kayak sementara di oto perjalanan luwuk-palu.,positif
Baru tahu dari Kak Ama kalau tradisi di Luwuk sama seperti di Ternate ndak bisa masak dan makan yang pahit-pahit di hari Jumat.,netral
! Saya senang mengumumkan bahwa KHIT Gorontalo dan KHIT Palu sedang bekerja sama dengan Dinas Peternakan dan Kesehatan Hewan Luwuk Kabupaten Banggai untuk memastikan pemenuhan persyaratan lalulintas hewan dan produk turunannya dari,positif
Wah ternyata KHIT Gorontalo dan KHIT Palu sangat rajin ya berkoordinasi dengan Dinas Peternakan dan Kesehatan Hewan Luwuk. Pasti karena mereka suka banget sama lalulintas hewan dan produk turunannya. Keren deh!,positif
Kasian ini org org luwuk mo cari muka sampe sampe mo bawa israel dn palestina plis kalo mo cari muka sma izrail saja,negatif
didampingi Kasi Binapigiatja dan Kasubsi Kegiatan Kerja lakukan kunjungan ke Kodim 1308 Luwuk. Kalapas Luwuk bertemu dan berbincang langsung dengan Letnan Kolonel Infantri Hermanto selaku Komandan Kodim 1308 Luwuk. Kunjungan Kerja ini sebagai langkah,netral
ada yang mau ke luwuk ?,netral
Kaya masih pengen ke Luwuk Banggai,positif
DJKI Kemenkumham Canangkan 2024 sebagai Tahun Indikasi Geografis.,netral
DJKI Sukses Tingkatkan Permohonan Merek Kolektif,positif
AALCO Miliki Pengaruh Besar Untuk Perjuangkan Suara Asia Afrika di Tingkat Global,positif
Ni di Luwuk garis pantainya kan emang pasir putih semua. Jadi di belakang rumah orang juga bisa mandi-mandi. Kalau kita di Makassar mah harus ke Bira dulu,positif
Luwuk Banggai vibesnya kaya Bau-bau banget. Kotanya banyak tanjakan turunan bukit. Dan tentu saja dekat laut. Sayangnya di sini gk ada ka,positif
Surabaya-Luwuk Banggai seru sih,positif
Indonesia Dorong Negara Asia Afrika Menjadi Mitra Dialog Global,positif
Accept aja kali yah ke Luwuk Banggainya?,netral
Rindu makanan luwuk,positif
Bimbingan teknis dan praktek SPBE terkait Aplikasi Srikandi,netral
Pegang pegang boleh cium cium boleh fak ternyata itu lagu dri luwuk HAHAHA,positif
Yang orang Luwuk Banggai silahkan komen,netral
Kata yang sering dipakai sebagai bahasa pergaulan di Luwuk Banggai : - Kau = Ngana/Nga - Pergi = Pigi/Pi - Tidak = Te - Bohong = Lekos - Saya = Sa - Mereka = Dorang - Dengan = Deng - Siapa = Sapa - Punya = Pe - Sial = Soe - Intip = Lidi Lanjut,netral
di GOR Kilongan Luwuk Kab. Banggai. Di fase grup Tim Futsal Lapas Luwuk menang tipis 2 : 1 atas Bandara FC usai gol dari Lionel dan Ai Fadly. Lanjut ke babak 8 besar Tim futsal Lapas Luwuk Fc menang telak 5 : 1 atas Tim STPDN oleh 4 gol dari Kevin dan 1 gol dari Lionel sehingga,netral
Inginku bangun gramedia di Luwuk,netral
orang luwuk bilang SUAK ngana,negatif
luwuk-ampana-pasokan-dolong-marisa-gorontalo isi puru lagi tida baik baik saja,negatif
luwuk toxicity,negatif
tiket pesawat Luwuk - Gorontalo te maso akal depe harga,negatif
Jufus Hamka Vs Negara Tidak Taat Hukum @narasi @lambe @CNN Indonesia ayo viralkan #NegaraKokTidakTaatHukum,negatif
Di Luwuk itu yang ramainya di Luwuk? Banggai Kepulauan? Atau Banggai?,netral
Pengin ikutan flexing tapi foto terjauh cuma di Luwuk Banggai.,netral
Prioritaskan Layanan Publik Berbasis HAM Kanwil Kemenkumham Sulteng Gelar Rapat Evaluasi dan Pelatihan Bahasa Isyarat pada Jajarannya,positif
FMD KANWIL KEMENKUMHAM SULTENG,netral
Sombori - Labengki Luwuk - Banggai. Semoga ada rezeki main kesana,netral
38 jam manado-palu-luwuk,negatif
GELAR OPINI KEBIJAKAN KANWIL KEMENKUMHAM SULTENG INFORMASIKAN IMPLEMENTASI PERLINDUNGAN DATA PRIBADI LAYANAN KEIMIGRASIAN,positif
SHDP KANWIL KEMENKUMHAM SULTENG GELAR DHARMA SANTI RAYAKAN HARI RAYA NYEPI TAHUN BARU CAKKA 1945,netral
Menuju Paradigma Baru Pemidanaan Indonesia Halo Sahabat Pemasyarakatan Disahkannya Undang-Undang Nomor 22 Tahun 2022 tentang Pemasyarakatan menjadi penyempurna transformasi Pemasyarakatan Indonesia.,positif
Setelah beberapa tahun selalu bersama puasa tahun ini diawali dengan cerita LDR.. Tugas pindah ke Poso anak istri pulang ke luwuk. Dan pada akhirnya Akan ada hikmah dari setiap perjalanan baru. Seperti kami yang lagi mendalami apa itu rindu.,positif
Kelebihannya kota Luwuk : MATI LAMPU,negatif
Ngeeeeeeeeng mlm ini deng spu #batui_mlm_ini,netral
Sosialisasi Pungli dan Gratifikasi,netral
udah hampir 3 tahun gak pulang luwuk. panggilan pulang semakin kesini semakin kenceng. lebaran kali ini pulang aja kali ya sekalian solo touring?,positif
Halo Sahabat BaLuk dalam rangka memasuki bulan suci Ramadhan 1444H/2023M dan berdasarkan Surat Edaran Menteri Pendayagunaan Aparatur Negara dan Reformasi Birokrasi (Menteri PANRB) Nomor 06 Tahun 2023,netral
Unit Pelayanan Teknis (UPT) kantor Balai Pemasyarakatan Kelas II Luwuk Jajaran Kementerian Hukum dan HAM Sulawesi Tengah selalu mencoba memberikan pelayanan yang terbaik untuk masyarakat.,positif
PENGUATAN TUSI ASN,netral
PELANTIKAN PNS,netral
PEMBUKAAN PEKAN OLAHRAGA PEMASYARAKATAN,netral
Setiap tindakan selalu ada timbal balik Luwuk Banggai,netral
PENGUATAN TUGAS DAN FUNGSI OLEH SEKJEND KEMENKUMHAM R.I,netral
nunggu momen ketika diacara nikahkanku nanti MC nya manggil mohon kesediaan foto bersama untuk siswa-siswi SMP negeri 4 Luwuk trus siswa-siswiku maju dgn wajah senyum-senyam aamiin.,positif
Rakernis Pemasyarakatan Kanwil Kemenkumham Sulteng,netral
Menyamakan persepsi JFT PK dan APK Bapas Luwuk mengikuti Penguatan tentang Fungsi Pembimbing Kemasyarakatan.,netral
Mengedepankan kepetingan untuk anak PK Bapas Luwuk lakukan pendampingan sidang anak.,positif
Memaksimalkan Fungsi Pengawasan PK Bapas Luwuk lakukan Home Visit.,positif
Mendapatkan kunjungan Monitoring dan Evaluasi (Monev) Bapas Luwuk siap bebenah.,positif
Bimbingan Teknis Manajemen Risiko Kanwil Kemenkumham Sulawesi Tengah,netral
Bimbingan Teknis SPIP Kanwil Kemenkumham Sulawesi Tengah,netral
Kami pass luwuk sulteng. Yg sama fantasy DM jo,netral
Bagemana kalo buat luwuk street fighter supa t abis abis dn baku lempar batu HAHAHA,positif
Selera musik di luwuk ikot arusssss!! Sa termasuk sih HAHAHAHAHAHA lekos....,netral
Pembimbing Kemasyarakatan (PK) Bapas Luwuk melaksanakan Kegiatan pendampingan sidang terhadap empat orang ABH.,netral
Menuju pelayanan publik yang lebih baik Bapas Kelas II Luwuk mendapatkan sosialisasi budaya pelayanan prima.,positif
Unit Pelayanan Teknis (UPT) kantor Bapas Kelas II Luwuk jajaran Kementerian Hukum dan HAM Sulawesi Tengah selalu mencoba memberikan pelayanan yang terbaik untuk masyarakat.,positif
Kegiatan pemeriksaan dan pengawasan komoditi perikanan di terminal Cargo Bandara SAA Luwuk Banggai @bkipm_kkp @pamujilestari_bkipm @harimaryadi65 @afat_bki @putramedya @l3o_rama #KKPThrive #kkpgoid #MenteriKKP #SaktiWahyuTrenggono #Bkipm #LuwukBanggai,netral
Penandatanganan Perjanjian Kerjasama Pemberitaan dengan Media Online,netral
Penandatanganan Perjanjian Pelaksanaan Bantuan Hukum TA 2023,netral
Pembukaan Rekonsiliasi dan Pemutakhiran Data Laporan Keuangan dan BMN Semester II TA 2022,netral
Penandatanganan Perjanjian Kinerja dan Pencanangan Pembangunan Zona Integritas menuju WBK/WBBM Tahun 2023,netral
Update: Info Gempa Mag:6.3 18-Jan-23 07:34:46 WIB Lok:0.07 LS 123.28 BT (69 km Tenggara BONEBOLANGO-GORONTALO) Kedlmn:138 Km dirasakan di Luwuk dan Ampana III-IV MMI Kotamobagu Kab. Gorontalo Kota Gorontalo Pohuwato Bolaang Mongondow Timur Bolaang Mongondow Taliabu,netral
Suami mw ke banggai kepulauan dari kota luwuk butuh waktu 8jam lebih dg naik kapal kalau acaranya hari rabu sdgkan skg masih di makassar ya silahkan dipikir apakah masih nutut itu ke banggai hari rabu kecuali naik bouroq yg sekali kedip langsung sampai jadwal kapal jg kdg molor,negatif
Dear @BatikAirINA suami saya penerbangan dari palu tujuan luwuk transit makassar kenapa ditinggal sudah dua kali begini loh harusnya kalo rutenya gak cuan mending ditutup aja suami saya ada jadwal penting jd harus kepending semalem,negatif
Lomba Memasak Kanwil Kemenkumham Sulteng,netral
Refleksi Akhir Tahun 2022 Kanwil Kemenkumham Sulteng,netral
Upacara Bendera Peringatan Hari Ibu ke-94 Tahun 2022,netral
Luwuk - Dalam rangka memperingati hari ibu ke-94 tahun 2022 telah dilaksanakan upacara bendera di halaman kantor Balai Pemasyarakatan (Bapas) Kelas II Luwuk jajaran Kemenkumham Sulawesi Tengah (Kamis 22/12/2022).,netral
Palu - Kegiatan Evaluasi Pelaksanaan Anggaran Tahun 2022 dan Persiapan Pelaksanaan Anggaran Tahun 2023 (Rabu 21/12/2022).,netral
Pernah jg di palangkaraya tp seingetku alhamdulillah signal lancar di mamuju jg pernah agak pelosok tp kdg msh terjangkau signal dari kmrn ditinggal ke banggai kepulauan butuh 8jam lebih naik kapal dari luwuk alhamdulillah msh ad signal bener2 yaa yg pacarnya anak sipil siap2,positif
Kemenkumham Masuk 3 Terbaik Badan Publik Informatif Kategori Kementerian,positif
Peringatan Hari HAM Sedunia ke-74,netral
Penghargaan Kabupaten/Kota Peduli HAM dan Pelayanan Publik Berbasis HAM,positif
2 Desember 2022,netral
Jika ad yg lbh indah dari senja mungkin it adalah saat kita bertemu di aamiin yg sama. Luwuk banggai 17:48,positif
otw lgi sya.. batui.. bsok otw lgi lwuk.. dpe mlm otw banggai...,netral
Di Luwuk banggai kan baru buka Pizza Hut kan ya .. Aaalllaaaah itu klw diliat org2 diluar Sulteng komen dn reviewnya Suaangat memalukaaan .. Why Luwuk banggai people ?? Why ??,negatif
Ingfo tattoo artist di luwuk yg fana inih,netral
Peringatan Maulid Nabi Muhammad SAW Kanwil Kemenkumham Sulteng,netral
Kemenkumham Siap Sambut KTT G20,netral
Sampai jumpa di Luwuk 24 November 2022 Festival Sastra Banggai.,netral
Kanwil Kemenkumham Sulteng Borong 5 Penghargaan IKPA dengan Capaian 100%,positif
Nota Kesepahaman Kanwil Kemenkumham Sulteng dan KPU Sulteng,netral
Penilaian Visitasi Evaluasi Penyelenggaraan SPBE di Lingkungan Kanwil Kemenkumham Sulteng,netral
kinapa d fb bnyak skli org b bnuh2 in di luwuk iih yallah jauhkan,negatif
DIALOG PUBLIK RKUHP KANWIL KEMENKUMHAM SULTENG,netral
Tiba tiba rindu suasana malam luwuk,positif
Kanwil Kemenkumham Sulteng Launching Aplikasi BOVIC,netral
Diskusi Panel Indonesia Netherlands Legal Update (INLU) 2022,netral
Kegiatan Pendampingan Penyusunan SKP Kanwil Kemenkumham Sulteng,netral
Keunggulan RKUHP,netral
5 Misi Pembaruan Hukum dalam RKUHP Nasional,netral
Urgensi Pembaruan RKUHP,netral
Agustus Terimakasih Banyak Cerita Yang Selalu Menjadi Kenangan September Selamat Datang Semoga Kau Tidak Mengecewakanku . . . Luwuk Banggai September 01 2022 00:12 #OPPOReno8Series,netral
#NowPlaying Radio Suara Padodohi FM Luwuk Banggai (@RadioLuwuk) Via #Erdioo for Android,netral
Penguatan Pemahaman Evaluasi Penyelenggaraan SPBE,netral
Tiket pesawat skrg naiknya g mikir2 dlu wktu kuliah paling mahal 600san Luwuk-makassar akhir 2020 juga masih sempt dpt 300rb eh skrg paling murh 1 4 jt serasa jakarta-singapore,negatif
Pasti sunday kmrin warga area luwuk banya yg cuci dong pe kendaran dengan iming iming biar ke tempat gawe terlihat clean nan keren,negatif
Mama pagi2 nelpon magang di luwuk aja ya mba biar pulang :) . Pas kuliah jadi makin sering di suruh pulang :),positif
Kementerian Hukum dan HAM RI melaksanakan kegiatan Penguatan Tugas dan Fungsi Kehumasan secara virtual yang berpusat di Jakarta pada Senin (15/08) Kanwil Kemenkumham Sulteng Budi Argap Situngkir,netral
Luwuk (03-08-2022 s/d 05-08-2022) seluruh pegawai Bapas Kelas II Luwuk ikuti perlombaan dalam rangka menyemarakkan HUT RI dan Hari Dharma Karya Dhika ke-77 Tahun 2022. Perlombaan yang diadakan di Lingkungan Bapas Luwuk antara lain tenis meja domino tarik tambang,positif
Bogor - Dalam rangka meningkatkan kapasitas Sumber Daya Manusia (SDM) Bapas Kelas II Luwuk jajaran Kemenkumham Sulawesi Tengah. Pembimbing Kemasyarakatan Ahli Pertama Dwiki Aprilian Putra mengikuti kegiatan Workshop dan Lokakarya,positif
Pemotongan Hewan Qurban Pada Perayaan Hari Raya Idul Adha 1443H Kanwil Kemenkumham Sulteng,netral
Temuan 65 Paket Sabu Oleh Petugas Lapas Kelas IIB Luwuk Kanwil Kemenkumham Sulteng,negatif
Emak bapak nyampe jam berapa sihhh Aku udah kangen aakkk Aku udah pulka dari Selasa lalu tapi emak bapak lagi di Luwuk eueueu,positif
Ka. Kanwil Kemenkumham Sulteng Budi Argap Situngkir apresiasi temuan narkoba karena jajaran Lapas Luwuk tidak lengah walaupun menjelang momentum hari raya Idul Adha.,positif
Hasil temuan sabu yang ditemukan pihak Lapas Luwuk Kanwil Kemenkumham Sulteng telah diserahkan ke Polres Banggai. Budi Argap Situngkir,netral
Pasca kejadian tersebut pihak Lapas Luwuk Kanwil Kemenkumham Sulteng mengintensifkan pengawasan kepada pengunjung dan seluruh area Lapas. Budi Argap Situngkir,netral
RUU Pemasyarakatan Resmi Diundangkan Wujudkan Keadilan Restoratif dan Sistem Peradilan Terpadu,netral
Rapat Persiapan Rangkaian Kegiatan Peringatan Hari Dharma Karya Dhika Ke-77 Oleh Kanwil Kemenkumham Sulteng,netral
KANWIL KEMENKUMHAM SULTENG TERUS EDUKASI MASYARAKAT TERKAIT KEWARGANEGARAAN,netral
Persatuan Futsal Pengayoman Ikuti Turnamen Futsal Fest Vol. 1 2022,netral
Kek nya aku nulis udah jelas deh dari batui ke luwuk ini yg balas storyku malah ngasih tau kalo ada mas ini itu dll yg di luwuk mau ke batui,netral
Antusias Masyarakat Sulawesi Tengah dalam Penyelenggaraan Mobile IP Clinic Kanwil Kemenkumham Sulteng,positif
Mobile Intellectual Property Clinic (MIPC) Kanwil Kemenkumham Sulteng di Kabupaten Sigi,netral
Kanwil Kemenkumham Sulteng lakukan Penguatan Administrasi pada Kanim Kelas II Non-TPI Banggai.,positif
Kemenkumham Raih Penghargaan Standar Pelayanan Publik,positif
Upacara Peringatan Hari Lahir Pancasila Tahun 2022 Kanwil Kemenkumham Sulteng,netral
Kegiatan Pembinaan dan Monitoring Pengelolaan Sistem Informasi Pelayanan Publik (SIPP) di Kanwil Kemenkumham Sulteng,netral
Kegiatan Monitoring Sosialisasi dan Telahaan Kebijakan Program Pemasyarakatan di Lingkungan Kanwil Kemenkumham Sulteng,netral
Kanwil Kemenkumham Sulteng Ikuti Workshop Penguatan Kerja Sama secara Virtual,netral
Kegiatan Ujian Tulis Seleksi Kenaikan Pangkat Penyesuaian Ijazah dan Ujian Dinas pada Kanwil Kemenkumham Sulteng Tahun Anggaran 2022,netral
Langkah yang Segera diambil Kanwil Kemenkumham Sulteng Setelah Lulus TPI,netral
Kanwil Kemenkumham Sulteng Sayangkan Warga Binaan Selundupkan Narkoba ke Rutan Lewat Makanan,negatif
Kanwil Kemenkumham Sulteng Apresiasi Rutan Palu yang Gagalkan Penyelundupan Narkoba,positif
Kegiatan Penilaian TPI pada Kanwil Kemenkumham Sulteng,netral
Kegiatan Deklarasi Pernyataan Pencanangan Layanan Publik dan Pembinaan Lembaga Publik Berbasis HAM Kanwil Kemenkumham Sulteng,netral
Kegiatan Supervisi Pagu Indikatif Tahun Anggaran 2023 Kanwil Kemenkumham Sulteng,netral
Ditanyain mumi klp lain skrg knp batui jarang bikin acara dlu sering skali bikin story ngumpul Krna akunya di luwuk mumi di komplek batui kan tinggal aku,negatif
Upacara Hari Kebangkitan Nasional 2022 Kanwil Kemenkumham Sulteng,netral
Kanwil Kemenkumham Sulteng: Antisipasi Setiap Kendala Guna Lancarkan Kegiatan,netral
Kegiatan Penilaian Kompetensi Kanwil Kemenkumham Sulteng,netral
Monitoring Kebersihan Lingkungan Kanwil Kemenkumham Sulteng,netral
Kakanwil Periksa Kehadiran Pegawai Pastikan Kedisiplinan Pegawai Kanwil Kemenkumham Sulteng,netral
Rabu 27 April 2022 Pejabat dan staf Bapas Luwuk ikuti Upacara Peringatan Hari Bhakti Pemasyarakatan ke 58 yang diselenggarakan terpusat dan diikuti secara virtual (Humas Bapas Luwuk),netral
Jumat 23 April 2022 Dalam rangka memperingati Hari Bakti Pemasyarakatan ke 58 PIPAS Bapas Luwuk bersama Lapas Luwuk adakan Bhakti Sosial dan Ziarah ke TMP Tanjung Tuwis Luwuk (Humas Bapas Luwuk),netral
Rabu 20 April 2022 Dalam rangka memperingati Hari Bhakti Pemasyarakatan ke 58 Bapas Luwuk bersama Lapas Luwuk adakan tabur bunga bertempat di Taman Makam Pahlawan Tanjung Tuwis Luwuk. Kegiatan ini bertujuan untuk mengenang dan menghormati jasa para pahlawan yang telah gugur. -,netral
Luwuk dingin bener dah,negatif
Kalo misal jodohku dtgnya bentar lg harapannya sih orang luar Sulawesi atau paling engga bukan orang luwuk dan sekitarnya alasanya biar bisa ngelupain masa lalu tapi aku bisa engga ya jauhan dari mama bapak walaupun keliatan sok keras aslinya aku manja banget,negatif
selamat sore Batui... pake hp jadul ip5s editing Lightroom windows,netral
Senin 14 Maret 2022 Kepala Bapas Luwuk memberikan Piagam Penghargaan kepada pegawai berprestasi yang telah menerapkan budaya disiplin dan memberikan pelayanan yang terbaik kepada masyarakat. Acara yang dilaksanakan saat apel pagi dan secara langsung dirangkaikan pemberian......,positif
Otw Luwuk lobu,netral
Rabu 12 Januari 2022 Jajaran Kantor Wilayah Sulawesi Tengah melaksanakan penandatanganan deklarasi janji kinerja dan penandatanganan komitmen pelaksanaan Zona Integritas dengan tema Menjadi Insan Pengayoman yang Lebih Baik Semakin PASTI Menuju Indonesia Maju .,netral
Luwuk memang t bisa ada tampat hiburan KACAU turus piki. Kalo mabo pulang tdr lebeh bagus,negatif
Luwuk vibes me : ehh ayoo sama sama makan pisang goreng ini ee sb : ada me : hah?,netral
Ini org harus belajar cara hubungi org dgn nomor baru. Chat hari minggu tanpa perkenalkan dia siapa trus tiba2 minta dikirimkan notulen rapat skrg. Pas cek nomornya di get contact eh ternyata admin Luwuk. Woow tdk bisa ku bayangkan kalo cara dia hubungi transportir juga begini,negatif
Mohon pak ahok tindak lanjuti tinggi nya harga bbm di luwuk Sulawesi Tengah. Banyak masyarakat mengeluh harga bbm @basuki_btp,negatif
Duh mati tupperware mama ketinggalan di ATM luwuk sabisanya baru ingat skrg dahlah,negatif
Kaget bgt ada yg msuk kamar pas tidur trnyata inun nganterin tinutuan trus blg gabisa lama mau ke luwuk. Nge WA ilham trus dia blg dia mau ke luwuk besok daerahan. Oiiii kalian kok jahat sih giliran aku di luwuk ga ada yg dtg pas aku balik malah ditinggal ke luwuk,negatif
Asik cair trims Pemda Luwuk. Yuk satu bulan sisanya bisa cair lagi gausa fafifu,positif
Mudik ke kota orang wkwk.. mudah mudah jadi mudik terakhir ke Luwuk.. next bisa mudik terus bareng org rumah,netral
Mo pulang luwuk malah ga punya duit anjay,negatif
PAK JOKOWI KE LUWUK TUH KAYA .. KNP GA PAS GW ISHIP SIH?,netral
Mimpiin org yg ga pengen diinget. Mana samperin sampe ke luwuk lagi,negatif
Liat di tiktok ada yg dibangunin sahur sama anak-anak kompleksnya aku jadi kangen puasa di Luwuk yg tiap sahur dibangunin gt jugakkk sama anak-anak kompleksku. Yg awalnya nyebut aku doang hari hari berikutnya udah bawa mama papaku juga,positif
Jalan ke banggai luwuk seru ga sih? Wkwkkw,netral
setiap perpindahan kota pasti satu masalah utama tuh breakout di muka ada aja. skrg tbtb kering bgt muka mo nangis hiks pdhl air luwuk dingin seger tp itu hawa nya panas bgt balik lg cocok2an emg️,negatif
Jakarta - Madiun - Trenggalek - Madiun - Jakarta - Makassar - Luwuk.. dalam 2 hari,netral
Next luwuk letsss goooooo~~~~,positif
Selayar kayaknya asik ya? atau Tanjung Puting? atau Luwuk Banggai? atau Toraja? atau Sumba? atau Waerebo? ah banyak kali wishlist ini,positif
Ni mau ngeprint aja degdegan stgh mati karena print harus di kertas yang udah dicap basah RSUD Luwuk:) sampe salah ga ngerti lagi Banggai jauh bos. Untung kelar besok tinggal ke Dinkes,negatif
Terimakasih Luwuk,positif
Ga nyangka bisa tahan setahun untuk ga pulang dari Luwuk mengabdi di sini sampe akhirnya Hari Kamis besok balik ke keluarga masing-masing. What a year.,positif
sebenernya di luwuk ini banyak bgt yg bisa diexplore tapi sygnya w brgkt udh dalam kondisi capee jd mau muter2 sendiri jg udh gada tenaga huee tp syg bgtt ini udh jauh2,negatif
Jogja -&gt;jakarta-&gt;palu-&gt;luwuk Oh Tuhan tepaaaarrrrrrrr,negatif
kenapa tiket pesawat ke Jeju lebih murah dari pada ke Luwuk,negatif
Pengen deh ke Luwuk lagi,positif
Luwuk after rain,positif
tanya dong biaya kirim paxel dari Palembang ke Luwuk Sulawesi Selatan itu kira-kira berapa ya?,netral
Kok bisa @BatikAirID lagi-lagi overbook rute Luwuk- Makassar,negatif
Bangun tidur dg gempa + timingnya pas keluar breaking news Gempa Jepang dari CNN. Kirain emg widespread sampe Luwuk ternyata emang 2 titik pusat yang berbeda. All is well,positif
knp in org luwuk tlalo sibuk dan trg p urusan e bnyak sp mslh in klo suka mo b urus supa sa kse stngah supa berkurang sp beban,netral
terbangun kukira aku lagi di Luwuk Banggai liburan,positif
Luwuk dingin bet dah akhir-akhir ini,netral
Padahal rencana paling awal tahun ini yang pengen banget tu Maratua atau Alor. Tapi gaada jadwal yg pas sama libur cutber. Malah Luwuk yang duluan wkwk Dan dengan cuti 5 hari dah bisa explore banyak bgt kayanyaaaaa,positif
Baru sadar kalo cuti 12 hari itu dikit kali. So my plan to explore Gorontalo-Bolsel-Luwuk is safe for May. Pake cuti 5 hari. Dan cuti taun baru ini aku pake 4. Damn sisanya untuk cuti natal lagi wkakwkwk,positif
Just booked a dive trip ke Luwuk wkakwkakkww now I have sth to look forward to,positif
Aku kalo di luwuk ngecas hp sehari 2 kali pas bangun subuh sama sore pas beberes giliran di batui ngecas sekali bisa dipake 2 hari kalo di luwuk tuh bener² kesepian jd larinya main hp trus,negatif
Semua tugas selesai ️ tinggal menikmati sisa akhir internship di Luwuk ️,positif
Luwuk - Jumat (09/09/2022) Mengakhiri kegiatan pekan ini Kantor Imigrasi Kelas II Non-TPI Banggai melaksanakan apel sore di Halaman Kantor Imigrasi Kelas II Non-TPI Banggai dan Apel ini juga dilakukan di Unit Kerja Kantor Imigrasi Banggai di Morowali,netral
apakah ada orang luwuk disini?,netral
Luwuk,netral
Susun itinerary trip Luwuk Banggai dan Banggai Kepulauan. Bismillah.,positif
oke juga nih Luwuk,positif
Kgn temen temen di luwuk tp ga pengen ke luwuk hehe,positif
Nonton konser musik di lapangan gelora Luwuk tapi so dingin ini Onyop,netral
dah ah capek mellow bgt hr ini mari kita tutup dgn video ultah anak kecil dirayain semua karyawan pizza hut luwuk biar makin mellow byeee,negatif
Barisan nak rantau Luwuk yg pada patah hati semua saling nasehatin padahal tulul semua,negatif
Mayanlah 4 jam ampana luwuk record baru aku,positif
Luwuk banggai toba caldera gorontalo snorkeling kei island is really in my list,positif
Luwuk hari ini pe panas mujur banyak awan Onyop,negatif
Udah di tahap tangan belang o/k panasnya Luwuk,negatif
Woey Luwuk panasnya naudzubillahmindzalik,negatif
Setelah berusaha cuekin cowok yg kemaren sempet aku suka banget (padahal skrg dia yg selalu nyariin aku) semalem dia muncul di mimpiku. Trs mimpinya gemessss bgt karna dia ikut aku balik ke Luwuk ketemu keluargaku trs dia sayang bgt ke aku. Sayang ya cuma mimpi :),positif
Kuat ga yah gue sebulan di luwuk,netral
Manager yang di sby minta gue stay disby sebulan manager yang diluwuk juga minta gue ke luwuk belah aja gue ygy,negatif
Kalo bahasa daerah sangihe hoas (Hoase) artinya pasir kalau org Batui bilang hoas itu artinya beras.... Kalau hoax bahasa daerahnya apa ya... ???,netral
Sunsetnya Luwuk akhir-akhir cantik sekali,positif
Dateng lagi pasien perut gede sklera ikterik HbsAg+ dan riw alkohol. Prevalensi SH di Luwuk memang bukan main,netral
Ngeprint di Luwuk ini mehong bener,negatif
Bisa-bisanya ada orang yg beneran follow orang-orang yg aku follow yg bahkan aku bisa jamin dia ga kenal karna ni cewek orang Luwuk &amp; yg dia ikutan follow sampe ke temen-temen kampus kakakku - bahkan yg match sama aku di dating apps pun difollow???,netral
Sepanas2nya luwuk gapernah keringetan samsek pas pulang kampung ke jkt malah keringetan lg ygy,netral
Otw Luwuk.....Sertai aku Tuhan #luwukbanggai #sulawesitengah #simpangraya #gonohop,netral
Kibong ngirim vn konser ran di Medan aku yg nyanyi sing a long di kamar kosan Luwuk wkwkw,netral
3 jenis kopi khas indo kopi luwuk kopi toraja kopi lampung. I have one of those the original one if u want to try kopi tumbuk khas lampung come to my house,netral
yak ditinggal dinas 2 minggu suramadu dan luwuk sulawesi,netral
Di Luwuk belom ada pastel Eh aku bangun tidur starving Croissant,netral
Pas diblg tgl 11 gajadi balik ke luwuk rasanya semangat yea 2 minggu disini,positif
Selama jaga di IGD RSU Luwuk menyenangkan sih aamiin moga menyenangkannya terus-terusan sebangsal bangsalnya juga (karena baru minggu ke-3 stase perawatan),positif
Dimana bisa nemuin teh tarik di Luwuk ini ya,netral
Bahkan gw selimutan tanpa AC ON yea what a day in Luwuk loh ya.,positif
Luwuk ini dinginnya ya Allah,negatif
bakal kangen luwuk:(,positif
0851-7447-2748 (WA) Jasa Desain Rumah Luwuk#JasaDesainRumahLuwuk,netral
0811-3753-55 (TERBAIK) Jual Kerupuk Melinjo Asli Jambu Luwuk#JualKerupukMelinjoAsliJambuLuwuk,netral
Dingin bgt Luwuk 24*C,netral
Bring Solaria to Luwuk rn!,netral
Kesel banget gue dari jakarta ke jepang sama jakarta luwuk. bisa cuma beda 500 anjing goblog,negatif
Seandainya pada tau niat icul kelar urusan di Semarang mau balik ke Luwuk biar ada yg nemenin ngurusin mama papa disana hehe,netral
Nangis banget emg ongkir ke Luwuk ini Rp83.000 00 kena potongan Rp78.000 00 ya lumayan lah ya,negatif
Dah akhirnya gue CO seadanya pake ongkir Rp0 - ke Luwuk daripada nunggu diskonan asu ini bikin badmood seharian,negatif
besok arisan keluarga besar tapi aku malah berangkat ke luwuk :,netral
Pagi ini: ji km bisa ga site visit tgl 18 ke luwuk alias sulteng LU KIRA AJA baru 4hr nginjek rumah,negatif
Kalo ada nominasi warga dengan ngambil uang di ATM terlama Luwuk bisa jadi masuk nominasi sih.,negatif
Sahabat di Luwuk Makassar pernah bilang Sebaik-baiknya obat adalah membaca tulisan sendiri . Diingatkan juga sama spv demikian dan baru pagi ini sempat baca draft lagi. Another connected dots! ️,positif
ulo luwuk,netral
Alhamdulillah gajadi trip ke Luwuk Banggai Padahal loker udah dipenuhin cemilan...,positif
Lapas Tolitoli terima Napi Pindahan dari Lapas Luwuk,netral
Busett direncanakan bakal ada trip Gresik - Luwuk Banggai (-+935 miles)... Yg deket2 aja napa bngsaddd!,negatif
Kenapa gk dari dulu minta pindah luwuk aja ya,negatif
Kalau acara kapurung-an gini mau di jkt bekasi palopo sampe luwuk kerjaan gua cuman bulet2in sama nyuci piring dah,negatif
LAPAS TOLITOLI TERIMA 55 WARBINPAS PINDAHAN DARI LAPAS LUWUK,netral
muda mudi luwuk maennya pada kemanasi sepi amat,netral
Menurut aku snorkeling di pink beach kurang oke jadi next kalo mau snorkling mending ke kenawa atau taka makassar sih kalo di pink beach itu yg dijual pemandangannya aja yg pasir pink bukan bawah lautnya.. soalnya sama luwuk aja masih jauh nih pink beach,negatif
Senin : luwuk - Ampana 5 jam Selasa : Ampana - Poso 4 jam Rabu : Poso - Tentena 1.5 jam Kamis : trip tentena Jumat : Tentena - Ampana 5 jam Sabtu : ampana - Togean 2 jam Minggu : togean - Ampana 2 jam Senin : Ampana - Luwuk 5 jam Baru selasa dah pegel cuy,negatif
Semenjak adek gue lulus tahun 2016 belom pernah 1x pun gue nganter dia ke bandara buat sign on. Pengeen banget tp gue kerja di Sulawesi. Dan besok adek gue sign on di Luwuk. Transit makassar dari jakarta!!! Hehehehehehehe,positif
Bukan Luwuk namanya kalo ga mati lampu zz,negatif
Tiara Andini pls ke Luwuk Sulteng dong Slank aja bisa kok yuk!! @initiaraandini,positif
Baru juga 60 harinya om yg satu eh tua mso RS Luwuk juga. Pulang palu krna soaso kuliah eh tua juga di rujuk kpalu blum satu Minggu di palu pulang lgi krna tua so tda ada,negatif
harap harap pulang luwuk sehat samua. Trang syang tua tapi tuhan Lebe sayang,positif
Makassar - Jakarta Jakarta - Makassar Senin : Makassar - Balikpapan Selasa : Balikpapan - Makassar Rabu : Makassar - Bali Minggu : Bali - Makassar Selasa : Makassar - Luwuk Kamis : Luwuk - Makassar Jumat : Makassar - Jakarta Minggu : Jakarta - Makassar,netral
Baru bisa napas setelah kelar acara luwuk ga sih ?,netral
lagi libur malah kantor kelabakan karena mcu di luwuk ditolak asdfshsjsjsk,negatif
Saking sibuknya klo di Luwuk lama lama hayati minum antimo nih sambil ngekurir,netral
Udah di Luwuk lagi,netral
Langit nya luwuk memang paling gaga di dunia,positif
Area luwuk adakah pasutri,netral
Suka deh cuaca Luwuk hari ini,positif
Smlm sok-sok an ga makan nasi samsek. Krn mikirnya dah makan goreng²an jd dah kenyang bgt ditambah minum cold brew yg dah gw diemin 3hari *enak sih asli tp*. Udh gt tidur jg baru 1 jam pas sahur mkn sambel kecap yg cabenya dr luwuk. Dah lah langsung keringet dingin sama mual,negatif
Jadi kangen Luwuk deh yg tiap sahur pasti bangun karna anak cowok pada nyanyi-nyanyi icul ayo bangun sahur depan rumah tiap malem,positif
PRESIDEN PUJI SENTRA PENGGILINGAN PADI MODERN MILIK BULOG Sragen 11 Maret 2023 Dalam rangka mendukung program prioritas nasional yang merujuk pada peningkatan kedaulatan pangan nasional #MRMPBULOG #BerasBULOG #BULOG #Jokowi #BersamaWujudkanKedaulatanPangan,positif
Pantai Kilo5 nya luwuk terbaik emang,positif
BUMN merupakan Perusahaan yang seluruh atau sebagian besar modalnya dimiliki oleh Negara yang memiliki tujuan mulia untuk mewujudkan kesejahteraan masyarakat Indonesia. #BUMNuntukIndonesia #PembubaranBUMN #PPAdukungEkosistemBUMN,positif
First time ke luwuk banggai ada yang lagi disini?,netral
#SobatBUMN Ini dia komentar Menko Bidang Pembangunan Manusia dan Kebudayaan (PMK) Bp. Muhadjir Effendy terkait Kereta Trainer (hybrid) yang diproduksi PT INKA (Persero) untuk Politeknik Negeri Madiun (PNM) #KeretaTrainerHybridINKA #KeretaINKAPNM,netral
sedang di kapal menuju Luwuk. Ada bapak2 ngajak ngobrol: : luwuk nya kemana? : oh saya menginap di swisbelinn pak : menginap disitu? Oh mahal lho itu. Lebih baik di losmen saya murah. Sudah ac tv kamar mandi dalam. Cuma 50rb saja. : oh iya pak terimakasih tawarannya...,netral
0878-5693-4040 (PRODUSEN TERMURAH) Jual Kaos Polos Jambu Luwuk,netral
Ingpo konser Tulus di Luwuk,netral
Will I miss Luwuk like I miss Jogja as well? (Berangkat juga belom),positif
Pengen banget balik luwuk tp apa udah siap ada di luwuk lagi?,positif
panitia sirkuit monaco pun insecure baliat sirkuit nya luwuk ini,negatif
Mama : kase selesai dulu kuliah baru pulang lagi luwuk Also mama : nanti awal maret icul mau pulang luwuk nak? ️️️️,netral
Udah bisa ganti bio instagram belom? ️ Metro-Luwuk,netral
Luwuk trip,netral
hari terakhir di Luwuk malah kena gempa,negatif
tekan luwuk kok malah nanges,netral
landing luwuk bingung mau seneng apa sedih,netral
Keknya wishlist ku tahun ini mau jalan jalan ke luwuk!!!,positif
astagaaa memang ngni luwuk in tekuat ba ajak pkt kl ba poto am e nakali ey awas ngoni a,netral
Kebanyakan minum kopi luwuk nih jadi begitu mainnya.,netral
Klo nongki pinggir laut luwuk yg di KM5 bawaannya pen nyemplung terus,netral
rumah jd sepi:) sepupu dua2nya uda plg ajah ke luwuk,netral
Luwuk Festival,positif
Bupati Luwuk. Uwuk.,netral
Kalo acaranya di luwuk sih udah fix icul ada gandengan pas dateng..,netral
Baru sampe Luwuk subuh tadi eh tanggal 4 ke Surabaya,negatif
Luwuk seafoodnya terbaik so far,positif
rindu vibes pildun di luwuk e,positif
Butuh pho banget yampun pho24 buka cabang di Luwuk kali.,netral
Tiba tiba pengen pisang goreng tp pake sambel penyetan samping rumah di luwuk,netral
Info gempa sekitaran Luwuk?,netral
kaum sari tenggelam kawung luwuk banjir jambu 2 banjir aing balik kumaha gusti,negatif
percuma pelem bagus kalo di luwuk te ada bioskop,negatif
normal day in luwuk,netral
dia yang mau ke luwuk kok saia yang gugup:) mana udah beli tiket huhu,positif
daritadi nahan nangis anjir baru kali ini berat banget buat balik luwuk,negatif
Sultan-sultan Luwuk tolong buka gerai chatime atau es teh indonesia danggg‍️,netral
Berat ninggalin luwuk tuh selain berat ninggalin orang-orang yg icul sayang ya berat nentuin barang mana yg harus dibawa dan barang mana yg harus ditinggal,positif
Palu - Luwuk - Makassar - Palu,netral
Di luwuk banyak makanan enak tpi teada tmn yang diajak :(,negatif
Kemaren malam rada galau mikirin bulan depan dah ninggalin luwuk hari ini bener bener pengen kalo bisa tar pagi dah balik semarang,negatif
Trnyata di luwuk ada mixue wkwkwk Skrng nunggu mie gacoan dtng ke luwuk kira2 bisa gk yaa :),positif
cakep-cakep deh cowok-cowok di luwuk gatel dikit gpp y krn ak jomblo,positif
Capek ngga motil mks-jogja-solo-jogja-sby-mks-luwuk dalam 2 minggu? Jujurly capek tapi suweneng dan happy bisa sibuk gini sibuk sama kerjaan sambil jalan jalan dari pada sibuk ngurusin hidup orang ya kan kek hidupnya udah ga ada masalah aja,positif
Luwuk muna barat,netral
Hampir 1 jam cm ngantri bensin luar biasa Luwuk,negatif
Seru banget liat else yang se dom pada kumpul Ini ga ada else luwuk sulteng???,positif
Mencari teman nugas di luwuk sangat susah ya :),negatif
Bisa gak sih orang jual makanan yg beneran enak di Luwuk,negatif
Baru sadar followers twitter banyak orang luwuk ya maapkeun ya guys kalo icul kebanyakan bacot di twitter. Di mohon untuk apa yg ada di twitter tetap ada di twitter alias jgn jadi gibahan anjer,negatif
Kemaren waktu di Luwuk ada mas mas cerita jadi sekitar tahun 2000an awal. Ada nelayan yang ga sengaja jaring Ikan Mola-mola karena informasi masih minim jadi warga pada gatau ini ikan apaan dan gaada warga yang berani makan itu ikan. Alhasil mereka anggep itu ikan jadi-jadian..,netral
Kegiatan Sosialisasi Kewarganegaraan oleh Kanwil Kemenkumham Sulteng bertempat di Estrella Hotel Luwuk. @kanwilsulteng Budi Argap Situngkir,netral
Cari tante-tante di luwuk,netral
Gw bakal rindu kota luwuk setelah 2 tahun gak kesana karena pandemi. Ahamdulillah akhirnya tahun ini bisa berkumpul bersama keluarga besar and it was so fun. Sygnya gw udah balik hari ini,positif
Ngger liwat jambu luwuk- hotel wilis spion kanan owk mesti disampluk motorrrrrrr,netral
Kerja sm orang yg gabisa kerja efektif jadi harus bolak balik Luwuk Bunta (PP 7 Jam) tuh bener-bener jadi cobaan puasa kali ini sih... welcome 2 minggu ga ngapa-ngapain tapi diluar kota.,negatif
See u luwuk toili sulteng... Nice trip next ---&gt; borneo,positif
5 bulan di Luwuk belum pernah liat ada yang jual getuk lindri,netral
Plis superindo/hypermart/carrefour apapun supermarket chain buka cabang di Luwuk kek!!!,netral
pgn pulang luwuk :(,negatif
WA ibu kos minta tolong kasih bersih rumput di kosan eh malah ditelfon diajak ngobrol ngalor ngidul taunya ada anaknya di gading serpong gerejanya di GKI trs jadi nawarin ikut kegiatan di gerejanya yg di Luwuk. Ngakak bet idup,positif
tiap hari mati lampu tiap hari ilang jaringan; welcome to luwuk :)),negatif
Dengar-dengar nih ada cluster Cappadocia? Hmmmm bahkan punya kenalan di kota ini (Luwuk) yang sekarang lagi di Cappadocia,netral
Hampir 3 bulan di Luwuk. Ini kota pe panas sekali di sini saya mandi 4 sampai 5 kali dalam sehari,negatif
Pen ndang balik luwuk,netral
Tok tok tok! Luwuk jual cimol?,netral
Jangan Bilang Cantik Kalu Bulum Pernah Ba Gadang Deng Cowo.. #luwuk,netral
Yg di siuna luwuk ad kh?? #siunapagimana,netral
Luwuk micek,netral
luwuk dimana anjir jauh banget mas,negatif
Jakarta - Makasar - Luwuk - Makasar - Jakarta,netral
Why suddenly people are selling pempek di luwuk Banggai pujaan Kita. Kane jaya jaya jaya,positif
vaksinke luwuk sek,netral
Semoga kasus kapolres nya Batui cepet selesai lah yaa. Kesian turun jabatan cuma gegara difitnah warga :(,negatif
Melayani pijat panggilan daerah Sulawesi tengah kota luwuk 082241403562,netral
Lolos seleksi interview ke tahap selanjutnya dan penempatan di luwuk sulteng,netral
Perjalana yg sangat mengesankan dr palu menuju Luwuk bangga pd lokasi kebun kopi Uwentira. ihttps://youtu.be/7WxVzwX3TwY,positif
Pengen ke luwuk,positif
kangen pulau dua luwuk:(,positif
Pusing bgt di luwuk gaada temen buat ngerjain tugas,negatif
Jangan ngaku punya banyak teman apabila wa-mu tidak ada ibu-ibu muda olshop yang panjang story wa-nya setara PAGIMANA - LUWUK.,netral
بسم الله الرحمن الرحيم Dengan Rahmat Tuhan Viral Luwuk Baru Memulai membuat Akun di Twitter Semoga Bisa Bermanfaat Dan Selalu membantu Menyebarkan Berita Yang Tengah Viral Khususnya Di Kota Air Luwuk Kabupaten Banggai Sulawesi Tengah. Support &amp; Follow Kami Yah,netral
Yahhh tahun baru kok di luwuk sih,negatif
Halo @pln_123 @infoPLN Mohon di periksa tegangan di hotel kota luwuk. Jl. S Parman no 2 luwuk banggai. Sulteng sudah beberapa hari tegangan drop di bawah 200. Mohon segera di periksa,negatif
Yang orang batui malam minggunya hanya dirumah karna mati lampu masih aman?,negatif
Pak @jokowi pak @erickthohir @pln_123 kenapa listrik di batui kab. Banggai Sul-teng tak kunjung normal dimana keadilan bagi kami anda berdosa jika anda tdk mampu adil sebagai pemimpin.,negatif
Tolong batui panas skaleee,negatif
Disaat kota lain sedang hujan Batui sangat sangat terik. Padahal di Luwuk sedang hujan :),negatif
Semoga Indiehome @TelkomCare bisa masuk ke daerah Bakung Kec. Batui Kab. Banggai.,netral
#Gempa dirasakan Mag:4.5 30-Apr-19 04:33:44 WIB Lok:1.89 LS 122.66 BT (Pusat gempa berada di laut 47 km Barat Lantibung Kab. Banggai Laut) Kedlmn:10 Km Dirasakan (MMI): III Baturube III Toili II Bungku II Batui II Kintom II Banggai Laut #BMKG @BMKG_info,netral
#Gempa dirasakan Mag:3.9 22-Apr-19 17:01:14 WIB Lok:1.98 LS 122.51 BT (Pusat gempa berada di Laut 58 km Tenggara Makapa Kab. Banggai) Kedlmn:10 Km Dirasakan (MMI): II-III Batui II-III Toili #BMKG,netral
Sampai pukul 13.00 wita belum dilakukan pemilu di kec. Batui Batui selatan.... hallooooo @KPU Kab. Banggai apa kabar,negatif
Batui city,netral
Kenapa makassar banjir klo hujan Karna hujan nya hujan air coba klo hujan batu bukan banjir namanya tapi batui,netral
Khuss wliyah batui dn sektrny. Yg rumhnya myala cas akn dlh Hp ku soalny mti lmpu,netral
Gori gori Batui Banggai... Mendung dan hujan tiada henti...,netral
Abs ba ziarah kubur di batui,netral
Hujsn 24 jam batui alamat banjir,netral
Aftr race day 1 At sirkuit batui luwuk.,netral
Semalam saya mimpi menyenangkan sekali: saya balik ke Batui 5 (entah kenapa dengan baju Pramuka) dan bermain-main dengan anak-anak di sana.,positif
Yuk cus batui,positif
bahagia jiwa saya bila berada dikampung halaman saya.batui adalah desa yang indah. permai dan mengelut rasa rindu ini untuk segera kembali,positif
Otw batui ;) antar ayam dlu,netral
Di Batui 5 anak-anak akan bilang Bapele Pak! Nampaknya kalau di Paser mereka akan bilang Lindung Pak!,netral
13. Diantaranya kasus Tambak Batui (1999) pendampingan org perempuan adat Ngata Toro (2000) sengketa Agraria Dongi2(2000-2001) #justice4Eva,negatif
Aksi kampanye PDI di batui sulawesi tengah di ramehkan dengan aksi yunita dan trio macan...,netral
L HASANNUDIN 07 SURDINEE @-BATUI 14 523'BATUI . * [TGL] [BULAN] [THN] 05 0 1983,netral
INSTITUTE SEKOLAH BAHASA JL HASANNUDIN 07 BARISAN.(JAWAP ISI .) BATUI BATUI . 65115,netral
Lapangan kerja sekarang perlu komputer lanjutnya. Entwined with Batui 5 enthusiasm for IT lesson was desire for vertical mobility.,netral
KAPAN LUWUK - LAMO BATUI BEBAS SAPI - KAMBING KLIARAN DI POROS &gt; PARAAHHHH,negatif
Jangkauan SPBU dari Lamo Batui - Luwuk Banggai isi BBM harga eceran : Bensin Rp.9000 - s/d Rp.10.000 -/Ltr &amp; Solar Rp.8000 - s/d 9000 -/Ltr,netral
Modem TELKOMSEL FLASH signal agak lumayan di terima di Poros Lamo Batui - Km 53 Luwuk Banggai,netral
Pake Modem Telkomsel FLASH lumayan nyambung di Lamo Batui Luwuk Banggai,netral
Indosat &amp; Telkomsel Hilang signal di wilayah Desa Kayowa Kec Batui Luwuk Banggai - tepatnya Sumur Malioraja Pertamina EP MGDP,negatif
Luwuk-batui-luwuk,netral
So aman min kenyang semua torang @SUSUPOnews: Toili apa kabar? Batui apa kabar? Kintom apa kabar? Solan apa kabar? Aman smua disana?,positif
Batui @Nanank_camal: meronda.,netral
Batui\m/,positif
Batui tahun barunya seru maen hujan2 hehe. Met tahun baru all,positif
Malming terakhir 2013 di batui bareng @ethuHaman,netral
Batui city kebalikanx mks city. Puanassssss wewwwwwww,negatif
banyak orang batui terkenak penyakit KUSTA,negatif
Nothing yg antar nanda papski mw ke batui @nandaPELAMBI: @dedewidya4 hahahahhaaa skrg. Ngaaa ksklah joow.,netral
Jam segini ngeronda dipasar batui.. #efek kurang penjual pasar sunyi..,negatif
sigh. minyak langka lagi. bensin sepuluh ribu satu botol di batui. lagi.,negatif
Berdamai dengan keadaan. GNight Batui Donggi :),positif
Kalian dikayungyun a ? Duh lak mending nyate karo kak eci @azthon: Sini Tis sini @auliyatitis: Suda suda on mending km skr batui,netral
Ibih jauhnyo @achyd_: Ia batui rika @RikaGucci: Dmna? Batui?@achyd_ @deamrsha @RizkyMahiwa @RLalusu @Laatangke @nananadiel @DheaAnggriani,netral
Saya sudah kirim suratnya ya. Semoga bermanfaat buat adek-adek SDN Trans Batui 5 di sana dan kapan2 saya diajak ke sana ya :) @FFIMalang,positif
Tidak merasa sakit ketika dihina orang itu sebuah rahmat kata Pak Nurhuda guru agama islam SD Trans Batui 5.,positif
Kjun d batui. @Afandy_Garcia: @LauraGlory @RikaGucci baik cma rika yng di ajak..,netral
Wow..bngung mau kmana batui-sulteng,netral
Batui =D,positif
Makan makan ronde 1 wth &lt;3 #Mie Cakalang @Home Batui,positif
baru bale dara batui lngsung mama peto ee d.muka2nya dy lgi.. mcm yg t.prnah muda ee,netral
Fuck Universitas Muhammadiyah Luwuk Banggai in Indonesia 🇮🇩,negatif
Batui hari-hari penuh hujan.,netral
otw batui :'),positif
Ya nga t'sms sy..okok @ninandina: Sudah kmren drg lg k batui itu.. sms klo kmu ba ide e tp jan bsok eRT @vanya39834554: Tau ini drg yg lae,netral
Jauhnya :D ! @Afandy_Garcia: @LauraGlory @deadayanun @Nandapelambi @Eling_Ling @KartikaIndrsi @fairlynshanazt iya di batui.. Lebaran hari k,positif
Ass wr wb... minta tolong pak indihome nomor 0461003204453 tidak bisa akses internet... minta bantuan dipulihkan jaringa ( Danramil Kecamatan Batui / Pos Covid 19 antar Satuan ) butuh bantuan segera... trima kasih atas kerja samanya..,negatif